{
  "baseline_v0": {
    "skill": {
      "mean": 0.2310938984155655,
      "sd": 0.04107554535268179,
      "min": 0.1698911190032959,
      "max": 0.2567533254623413,
      "n": 4
    },
    "z500": {
      "mean": 718.225,
      "sd": 37.54129948026126,
      "min": 696.2,
      "max": 774.4,
      "n": 4
    },
    "t850": {
      "mean": 3.0765,
      "sd": 0.17273775885235207,
      "min": 2.95,
      "max": 3.326,
      "n": 4
    },
    "raw": [
      0.2567533254623413,
      0.1698911190032959,
      0.24527740478515625,
      0.2524537444114685
    ]
  },
  "champion": {
    "skill": {
      "mean": 0.17807334661483765,
      "sd": 0.11901824039299906,
      "min": 0,
      "max": 0.24905705451965332,
      "n": 4
    },
    "z500": {
      "mean": 712.9333333333334,
      "sd": 6.961561127601556,
      "min": 705.5,
      "max": 719.3,
      "n": 3
    },
    "t850": {
      "mean": 3.0483333333333333,
      "sd": 0.053873308171424994,
      "min": 2.987,
      "max": 3.088,
      "n": 3
    },
    "raw": [
      0,
      0.24905705451965332,
      0.23417997360229492,
      0.22905635833740234
    ]
  }
}
