{
  "baseline_v0": {
    "skill": {
      "mean": 0.26212724049886066,
      "sd": 0.010854886233962219,
      "min": 0.249975323677063,
      "max": 0.27086341381073,
      "n": 3
    },
    "z500": {
      "mean": 697.2666666666668,
      "sd": 7.359574263048974,
      "min": 689.7,
      "max": 704.4,
      "n": 3
    },
    "t850": {
      "mean": 2.917333333333333,
      "sd": 0.05787342510456193,
      "min": 2.88,
      "max": 2.984,
      "n": 3
    },
    "raw": [
      0.26554298400878906,
      0.249975323677063,
      0.27086341381073
    ]
  },
  "champion": {
    "skill": {
      "mean": 0.27146458625793457,
      "sd": 0.010805413609352596,
      "min": 0.25899606943130493,
      "max": 0.27809762954711914,
      "n": 3
    },
    "z500": {
      "mean": 686.0333333333333,
      "sd": 8.871489916205354,
      "min": 679,
      "max": 696,
      "n": 3
    },
    "t850": {
      "mean": 2.8906666666666667,
      "sd": 0.05108163401197465,
      "min": 2.85,
      "max": 2.948,
      "n": 3
    },
    "raw": [
      0.27809762954711914,
      0.25899606943130493,
      0.27730005979537964
    ]
  }
}
