{
  "baseline_v0": {
    "skill": {
      "mean": 0.31274592876434326,
      "sd": 0.03405732215393837,
      "min": 0.2714529037475586,
      "max": 0.3531121611595154,
      "n": 5
    },
    "z500": {
      "mean": 641.1400000000001,
      "sd": 34.14312522309581,
      "min": 601.5,
      "max": 677.5,
      "n": 5
    },
    "t850": {
      "mean": 2.753,
      "sd": 0.12874004815907122,
      "min": 2.6,
      "max": 2.928,
      "n": 5
    },
    "raw": [
      0.29627901315689087,
      0.30043530464172363,
      0.2714529037475586,
      0.34245026111602783,
      0.3531121611595154
    ]
  },
  "champion": {
    "skill": {
      "mean": 0.3254666805267334,
      "sd": 0.022517439263862533,
      "min": 0.30288416147232056,
      "max": 0.35626673698425293,
      "n": 5
    },
    "z500": {
      "mean": 630.46,
      "sd": 25.625046341421502,
      "min": 591.6,
      "max": 654.7,
      "n": 5
    },
    "t850": {
      "mean": 2.697,
      "sd": 0.07336552323809864,
      "min": 2.617,
      "max": 2.776,
      "n": 5
    },
    "raw": [
      0.3036503791809082,
      0.30288416147232056,
      0.35626673698425293,
      0.3330118656158447,
      0.3315202593803406
    ]
  }
}
