best 34581 restart 0 step 0
best 34567 restart 0 step 1
best 34550 restart 0 step 2
best 34534 restart 0 step 3
best 34528 restart 0 step 4
best 34522 restart 0 step 5
best 34506 restart 0 step 6
best 34494 restart 0 step 7
best 34483 restart 0 step 8
best 34473 restart 0 step 9
best 34462 restart 0 step 10
best 34451 restart 0 step 11
best 34446 restart 0 step 12
best 34432 restart 0 step 13
best 34426 restart 0 step 14
best 34416 restart 0 step 15
best 34407 restart 0 step 16
best 34403 restart 0 step 17
best 34398 restart 0 step 18
best 34392 restart 0 step 19
best 34381 restart 0 step 22
best 34378 restart 0 step 23
best 34366 restart 0 step 24
best 34358 restart 0 step 25
best 34357 restart 0 step 26
best 34344 restart 0 step 27
best 34341 restart 0 step 30
best 34339 restart 0 step 31
best 34334 restart 0 step 33
best 34329 restart 0 step 34
best 34315 restart 0 step 35
best 34314 restart 0 step 37
best 34307 restart 0 step 38
best 34298 restart 0 step 39
best 34294 restart 0 step 40
best 34281 restart 0 step 41
best 34269 restart 0 step 42
best 34265 restart 0 step 44
best 34263 restart 0 step 45
best 34255 restart 0 step 46
best 34251 restart 0 step 47
best 34239 restart 0 step 48
best 34234 restart 0 step 49
best 34221 restart 0 step 50
best 34210 restart 0 step 52
best 34193 restart 0 step 53
best 34185 restart 0 step 54
best 34173 restart 0 step 55
best 34167 restart 0 step 56
best 34164 restart 0 step 57
best 34148 restart 0 step 58
best 34142 restart 0 step 59
best 34140 restart 0 step 60
best 34130 restart 0 step 61
best 34125 restart 0 step 62
best 34118 restart 0 step 63
best 34103 restart 0 step 64
best 34085 restart 0 step 65
best 34079 restart 0 step 66
best 34077 restart 0 step 68
best 34069 restart 0 step 69
best 34053 restart 0 step 70
best 34038 restart 0 step 71
best 34036 restart 0 step 73
best 34020 restart 0 step 74
best 34015 restart 0 step 75
best 34009 restart 0 step 76
best 34001 restart 0 step 77
best 33993 restart 0 step 78
best 33992 restart 0 step 79
best 33986 restart 0 step 80
best 33979 restart 0 step 81
best 33964 restart 0 step 82
best 33960 restart 0 step 84
best 33948 restart 0 step 85
best 33935 restart 0 step 86
best 33924 restart 0 step 87
best 33916 restart 0 step 89
best 33902 restart 0 step 90
best 33898 restart 0 step 91
best 33894 restart 0 step 92
best 33890 restart 0 step 93
best 33884 restart 0 step 95
best 33881 restart 0 step 99
best 33877 restart 0 step 100
best 33872 restart 0 step 101
best 33855 restart 0 step 103
best 33848 restart 0 step 105
best 33844 restart 0 step 107
best 33833 restart 0 step 108
best 33821 restart 0 step 109
best 33817 restart 0 step 110
best 33810 restart 0 step 111
best 33805 restart 0 step 112
best 33803 restart 0 step 114
best 33789 restart 0 step 115
best 33777 restart 0 step 116
best 33767 restart 0 step 117
best 33753 restart 0 step 118
best 33749 restart 0 step 119
best 33742 restart 0 step 120
best 33738 restart 0 step 121
best 33737 restart 0 step 122
best 33736 restart 0 step 123
best 33728 restart 0 step 124
best 33722 restart 0 step 125
best 33713 restart 0 step 126
best 33704 restart 0 step 127
best 33697 restart 0 step 129
best 33689 restart 0 step 130
best 33684 restart 0 step 131
best 33681 restart 0 step 132
best 33676 restart 0 step 133
best 33673 restart 0 step 134
best 33666 restart 0 step 135
best 33662 restart 0 step 137
best 33652 restart 0 step 138
best 33650 restart 0 step 139
best 33640 restart 0 step 140
best 33637 restart 0 step 141
best 33626 restart 0 step 142
best 33611 restart 0 step 143
best 33601 restart 0 step 144
best 33588 restart 0 step 145
best 33575 restart 0 step 147
best 33569 restart 0 step 148
best 33564 restart 0 step 149
best 33561 restart 0 step 150
best 33555 restart 0 step 151
best 33553 restart 0 step 152
best 33539 restart 0 step 154
best 33530 restart 0 step 156
best 33525 restart 0 step 157
best 33518 restart 0 step 158
best 33517 restart 0 step 159
best 33514 restart 0 step 160
best 33500 restart 0 step 161
best 33486 restart 0 step 162
best 33480 restart 0 step 163
best 33477 restart 0 step 164
best 33475 restart 0 step 166
best 33469 restart 0 step 167
best 33461 restart 0 step 168
best 33454 restart 0 step 169
best 33449 restart 0 step 170
best 33447 restart 0 step 171
best 33441 restart 0 step 172
best 33437 restart 0 step 174
best 33424 restart 0 step 175
best 33415 restart 0 step 176
best 33407 restart 0 step 177
best 33401 restart 0 step 178
best 33399 restart 0 step 179
best 33384 restart 0 step 180
best 33369 restart 0 step 181
best 33364 restart 0 step 182
best 33354 restart 0 step 183
best 33345 restart 0 step 184
best 33340 restart 0 step 185
best 33331 restart 0 step 186
best 33321 restart 0 step 187
best 33317 restart 0 step 191
best 33304 restart 0 step 192
best 33301 restart 0 step 193
best 33291 restart 0 step 194
best 33285 restart 0 step 195
best 33282 restart 0 step 197
best 33277 restart 0 step 198
best 33268 restart 0 step 199
best 33264 restart 0 step 200
best 33262 restart 0 step 201
best 33260 restart 0 step 203
best 33251 restart 0 step 204
best 33248 restart 0 step 205
best 33247 restart 0 step 209
best 33242 restart 0 step 210
best 33237 restart 0 step 211
best 33223 restart 0 step 212
best 33211 restart 0 step 213
best 33208 restart 0 step 214
best 33201 restart 0 step 215
best 33193 restart 0 step 216
best 33176 restart 0 step 218
best 33169 restart 0 step 220
best 33166 restart 0 step 221
best 33157 restart 0 step 223
best 33151 restart 0 step 224
best 33149 restart 0 step 225
best 33139 restart 0 step 226
best 33126 restart 0 step 228
best 33125 restart 0 step 229
best 33117 restart 0 step 230
best 33116 restart 0 step 231
best 33103 restart 0 step 232
best 33093 restart 0 step 233
best 33085 restart 0 step 234
best 33066 restart 0 step 235
best 33058 restart 0 step 236
best 33053 restart 0 step 238
best 33050 restart 0 step 239
best 33038 restart 0 step 240
best 33025 restart 0 step 242
best 33009 restart 0 step 244
best 33008 restart 0 step 245
best 33005 restart 0 step 246
best 33002 restart 0 step 247
best 33000 restart 0 step 248
best 32998 restart 0 step 249
best 32993 restart 0 step 250
best 32984 restart 0 step 251
best 32979 restart 0 step 252
best 32974 restart 0 step 254
best 32972 restart 0 step 255
best 32964 restart 0 step 256
best 32959 restart 0 step 257
best 32954 restart 0 step 258
best 32942 restart 0 step 259
best 32929 restart 0 step 261
best 32916 restart 0 step 262
best 32914 restart 0 step 263
best 32897 restart 0 step 264
best 32890 restart 0 step 265
best 32878 restart 0 step 266
best 32868 restart 0 step 267
best 32861 restart 0 step 269
best 32856 restart 0 step 270
best 32848 restart 0 step 271
best 32838 restart 0 step 272
best 32828 restart 0 step 273
best 32818 restart 0 step 274
best 32807 restart 0 step 275
best 32801 restart 0 step 276
best 32798 restart 0 step 278
best 32790 restart 0 step 279
best 32786 restart 0 step 280
best 32782 restart 0 step 281
best 32778 restart 0 step 282
best 32774 restart 0 step 283
best 32768 restart 0 step 286
best 32765 restart 0 step 288
best 32759 restart 0 step 290
best 32750 restart 0 step 291
best 32741 restart 0 step 292
best 32733 restart 0 step 294
best 32728 restart 0 step 295
best 32722 restart 0 step 296
best 32721 restart 0 step 297
best 32715 restart 0 step 298
best 32704 restart 0 step 299
best 32696 restart 0 step 301
best 32690 restart 0 step 302
best 32688 restart 0 step 303
best 32671 restart 0 step 304
best 32662 restart 0 step 305
best 32655 restart 0 step 306
best 32648 restart 0 step 307
best 32639 restart 0 step 308
best 32627 restart 0 step 309
best 32625 restart 0 step 310
best 32621 restart 0 step 311
best 32615 restart 0 step 314
best 32603 restart 0 step 315
best 32590 restart 0 step 316
best 32569 restart 0 step 317
best 32566 restart 0 step 318
best 32556 restart 0 step 319
best 32541 restart 0 step 320
best 32537 restart 0 step 321
best 32530 restart 0 step 322
best 32519 restart 0 step 323
best 32510 restart 0 step 324
best 32498 restart 0 step 325
best 32485 restart 0 step 326
best 32479 restart 0 step 327
best 32478 restart 0 step 328
best 32477 restart 0 step 330
best 32465 restart 0 step 331
best 32457 restart 0 step 333
best 32447 restart 0 step 334
best 32433 restart 0 step 335
best 32431 restart 0 step 336
best 32415 restart 0 step 338
best 32405 restart 0 step 339
best 32400 restart 0 step 340
best 32398 restart 0 step 341
best 32395 restart 0 step 342
best 32390 restart 0 step 343
best 32384 restart 0 step 345
best 32379 restart 0 step 346
best 32372 restart 0 step 347
best 32357 restart 0 step 348
best 32348 restart 0 step 349
best 32337 restart 0 step 350
best 32324 restart 0 step 351
best 32322 restart 0 step 352
best 32319 restart 0 step 354
best 32312 restart 0 step 356
best 32304 restart 0 step 357
best 32301 restart 0 step 358
best 32296 restart 0 step 360
best 32289 restart 0 step 361
best 32283 restart 0 step 362
best 32275 restart 0 step 363
best 32261 restart 0 step 366
best 32257 restart 0 step 367
best 32252 restart 0 step 369
best 32238 restart 0 step 370
best 32228 restart 0 step 371
best 32216 restart 0 step 373
best 32208 restart 0 step 374
best 32207 restart 0 step 376
best 32195 restart 0 step 377
best 32191 restart 0 step 380
best 32181 restart 0 step 381
best 32178 restart 0 step 382
best 32177 restart 0 step 383
best 32164 restart 0 step 384
best 32158 restart 0 step 385
best 32151 restart 0 step 387
best 32135 restart 0 step 388
best 32122 restart 0 step 390
best 32118 restart 0 step 391
best 32110 restart 0 step 392
best 32108 restart 0 step 393
best 32100 restart 0 step 395
best 32098 restart 0 step 396
best 32087 restart 0 step 397
best 32082 restart 0 step 398
best 32067 restart 0 step 399
best 32055 restart 0 step 401
best 32045 restart 0 step 402
best 32030 restart 0 step 403
best 32022 restart 0 step 404
best 32017 restart 0 step 405
best 32013 restart 0 step 406
best 32006 restart 0 step 407
best 32004 restart 0 step 408
best 31996 restart 0 step 409
best 31986 restart 0 step 410
best 31980 restart 0 step 413
best 31970 restart 0 step 414
best 31967 restart 0 step 415
best 31962 restart 0 step 416
best 31960 restart 0 step 417
best 31946 restart 0 step 418
best 31941 restart 0 step 419
best 31933 restart 0 step 420
best 31925 restart 0 step 422
best 31917 restart 0 step 423
best 31914 restart 0 step 425
best 31904 restart 0 step 426
best 31900 restart 0 step 427
best 31898 restart 0 step 429
best 31889 restart 0 step 430
best 31882 restart 0 step 431
best 31866 restart 0 step 432
best 31854 restart 0 step 433
best 31843 restart 0 step 434
best 31839 restart 0 step 435
best 31831 restart 0 step 437
best 31828 restart 0 step 438
best 31818 restart 0 step 440
best 31808 restart 0 step 442
best 31798 restart 0 step 446
best 31791 restart 0 step 447
best 31788 restart 0 step 448
best 31780 restart 0 step 450
best 31772 restart 0 step 451
best 31768 restart 0 step 452
best 31762 restart 0 step 455
best 31756 restart 0 step 456
best 31749 restart 0 step 457
best 31743 restart 0 step 458
best 31739 restart 0 step 460
best 31730 restart 0 step 461
best 31726 restart 0 step 462
best 31718 restart 0 step 463
best 31709 restart 0 step 464
best 31707 restart 0 step 465
best 31706 restart 0 step 467
best 31694 restart 0 step 468
best 31686 restart 0 step 470
best 31671 restart 0 step 471
best 31664 restart 0 step 472
best 31658 restart 0 step 473
best 31647 restart 0 step 474
best 31645 restart 0 step 475
best 31640 restart 0 step 476
best 31627 restart 0 step 477
best 31614 restart 0 step 478
best 31603 restart 0 step 479
best 31591 restart 0 step 481
best 31589 restart 0 step 483
best 31584 restart 0 step 484
best 31574 restart 0 step 485
best 31560 restart 0 step 486
best 31549 restart 0 step 489
best 31548 restart 0 step 490
best 31540 restart 0 step 491
best 31528 restart 0 step 493
best 31521 restart 0 step 494
best 31520 restart 0 step 495
best 31508 restart 0 step 497
best 31499 restart 0 step 498
best 31493 restart 0 step 499
best 31481 restart 0 step 500
best 31467 restart 0 step 501
best 31465 restart 0 step 502
best 31463 restart 0 step 504
best 31455 restart 0 step 505
best 31448 restart 0 step 506
best 31446 restart 0 step 510
best 31440 restart 0 step 511
best 31437 restart 0 step 512
best 31427 restart 0 step 513
best 31426 restart 0 step 514
best 31423 restart 0 step 515
best 31419 restart 0 step 517
best 31415 restart 0 step 518
best 31405 restart 0 step 519
best 31398 restart 0 step 521
best 31390 restart 0 step 522
best 31389 restart 0 step 523
best 31385 restart 0 step 524
best 31373 restart 0 step 525
best 31371 restart 0 step 526
best 31369 restart 0 step 527
best 31368 restart 0 step 529
best 31366 restart 0 step 531
best 31365 restart 0 step 532
best 31356 restart 0 step 533
best 31350 restart 0 step 534
best 31347 restart 0 step 535
best 31336 restart 0 step 536
best 31331 restart 0 step 537
best 31329 restart 0 step 538
best 31323 restart 0 step 539
best 31311 restart 0 step 540
best 31303 restart 0 step 541
best 31297 restart 0 step 542
best 31284 restart 0 step 543
best 31279 restart 0 step 544
best 31278 restart 0 step 545
best 31273 restart 0 step 546
best 31267 restart 0 step 547
best 31259 restart 0 step 548
best 31258 restart 0 step 549
best 31248 restart 0 step 550
best 31246 restart 0 step 552
best 31230 restart 0 step 553
best 31228 restart 0 step 554
best 31220 restart 0 step 555
best 31211 restart 0 step 556
best 31206 restart 0 step 557
best 31194 restart 0 step 558
best 31189 restart 0 step 559
best 31186 restart 0 step 560
best 31179 restart 0 step 561
best 31174 restart 0 step 562
best 31172 restart 0 step 563
best 31164 restart 0 step 564
best 31160 restart 0 step 565
best 31155 restart 0 step 567
best 31150 restart 0 step 568
best 31137 restart 0 step 569
best 31129 restart 0 step 571
best 31121 restart 0 step 572
best 31104 restart 0 step 574
best 31096 restart 0 step 575
best 31094 restart 0 step 576
best 31083 restart 0 step 578
best 31077 restart 0 step 579
best 31067 restart 0 step 580
best 31058 restart 0 step 581
best 31057 restart 0 step 582
best 31056 restart 0 step 583
best 31048 restart 0 step 585
best 31034 restart 0 step 586
best 31027 restart 0 step 589
best 31024 restart 0 step 590
best 31015 restart 0 step 592
best 31013 restart 0 step 593
best 31009 restart 0 step 594
best 30998 restart 0 step 596
best 30994 restart 0 step 598
best 30990 restart 0 step 599
best 30988 restart 0 step 601
best 30983 restart 0 step 602
best 30977 restart 0 step 604
best 30976 restart 0 step 605
best 30963 restart 0 step 606
best 30952 restart 0 step 608
best 30949 restart 0 step 609
best 30943 restart 0 step 610
best 30929 restart 0 step 613
best 30926 restart 0 step 614
best 30924 restart 0 step 615
best 30923 restart 0 step 616
best 30917 restart 0 step 617
best 30912 restart 0 step 618
best 30911 restart 0 step 619
best 30904 restart 0 step 621
best 30895 restart 0 step 622
best 30883 restart 0 step 624
best 30881 restart 0 step 625
best 30873 restart 0 step 626
best 30869 restart 0 step 628
best 30863 restart 0 step 631
best 30861 restart 0 step 632
best 30847 restart 0 step 633
best 30830 restart 0 step 634
best 30828 restart 0 step 635
best 30826 restart 0 step 637
best 30809 restart 0 step 638
best 30805 restart 0 step 639
best 30799 restart 0 step 642
best 30790 restart 0 step 643
best 30789 restart 0 step 644
best 30786 restart 0 step 645
best 30774 restart 0 step 646
best 30772 restart 0 step 647
best 30771 restart 0 step 648
best 30769 restart 0 step 649
best 30765 restart 0 step 650
best 30763 restart 0 step 651
best 30761 restart 0 step 652
best 30754 restart 0 step 655
best 30747 restart 0 step 656
best 30737 restart 0 step 659
best 30730 restart 0 step 663
best 30724 restart 0 step 664
best 30715 restart 0 step 666
best 30705 restart 0 step 669
best 30701 restart 0 step 670
best 30696 restart 0 step 671
best 30692 restart 0 step 672
best 30686 restart 0 step 673
best 30685 restart 0 step 675
best 30672 restart 0 step 677
best 30668 restart 0 step 678
best 30662 restart 0 step 679
best 30660 restart 0 step 680
best 30657 restart 0 step 681
best 30649 restart 0 step 682
best 30640 restart 0 step 685
best 30635 restart 0 step 689
best 30630 restart 0 step 691
best 30618 restart 0 step 692
best 30611 restart 0 step 693
best 30610 restart 0 step 694
best 30603 restart 0 step 695
best 30601 restart 0 step 696
best 30598 restart 0 step 699
best 30591 restart 0 step 700
best 30587 restart 0 step 701
best 30585 restart 0 step 705
best 30582 restart 0 step 707
best 30579 restart 0 step 708
best 30578 restart 0 step 709
best 30573 restart 0 step 710
best 30569 restart 0 step 711
best 30562 restart 0 step 712
best 30551 restart 0 step 713
best 30547 restart 0 step 716
best 30546 restart 0 step 717
best 30535 restart 0 step 718
best 30532 restart 0 step 719
best 30531 restart 0 step 721
best 30523 restart 0 step 722
best 30513 restart 0 step 723
best 30501 restart 0 step 724
best 30485 restart 0 step 725
best 30474 restart 0 step 726
best 30471 restart 0 step 727
best 30468 restart 0 step 730
best 30467 restart 0 step 731
best 30464 restart 0 step 732
best 30448 restart 0 step 733
best 30443 restart 0 step 734
best 30427 restart 0 step 735
best 30423 restart 0 step 737
best 30410 restart 0 step 738
best 30402 restart 0 step 739
best 30395 restart 0 step 741
best 30379 restart 0 step 742
best 30369 restart 0 step 747
best 30363 restart 0 step 748
best 30358 restart 0 step 749
best 30349 restart 0 step 752
best 30344 restart 0 step 753
best 30338 restart 0 step 756
best 30326 restart 0 step 757
best 30316 restart 0 step 758
best 30302 restart 0 step 759
best 30300 restart 0 step 760
best 30296 restart 0 step 762
best 30292 restart 0 step 764
best 30281 restart 0 step 765
best 30279 restart 0 step 766
best 30276 restart 0 step 767
best 30263 restart 0 step 768
best 30262 restart 0 step 769
best 30261 restart 0 step 770
best 30253 restart 0 step 771
best 30248 restart 0 step 772
best 30243 restart 0 step 773
best 30236 restart 0 step 774
best 30232 restart 0 step 775
best 30231 restart 0 step 776
best 30225 restart 0 step 777
best 30220 restart 0 step 778
best 30214 restart 0 step 779
best 30210 restart 0 step 780
best 30206 restart 0 step 781
best 30194 restart 0 step 782
best 30189 restart 0 step 785
best 30184 restart 0 step 787
best 30182 restart 0 step 789
best 30180 restart 0 step 790
best 30179 restart 0 step 792
best 30173 restart 0 step 794
best 30162 restart 0 step 795
best 30154 restart 0 step 796
best 30147 restart 0 step 797
best 30136 restart 0 step 798
best 30124 restart 0 step 799
best 30121 restart 0 step 800
best 30119 restart 0 step 801
best 30118 restart 0 step 802
best 30114 restart 0 step 805
best 30106 restart 0 step 806
best 30094 restart 0 step 807
best 30091 restart 0 step 808
best 30090 restart 0 step 809
best 30081 restart 0 step 810
best 30068 restart 0 step 811
best 30065 restart 0 step 812
best 30052 restart 0 step 814
best 30044 restart 0 step 815
best 30039 restart 0 step 816
best 30033 restart 0 step 817
best 30031 restart 0 step 818
best 30019 restart 0 step 819
best 30015 restart 0 step 820
best 30001 restart 0 step 823
best 29991 restart 0 step 825
best 29983 restart 0 step 826
best 29977 restart 0 step 827
best 29973 restart 0 step 828
best 29968 restart 0 step 829
best 29965 restart 0 step 833
best 29955 restart 0 step 834
best 29946 restart 0 step 835
best 29945 restart 0 step 837
best 29941 restart 0 step 842
best 29933 restart 0 step 843
best 29923 restart 0 step 845
best 29919 restart 0 step 846
best 29916 restart 0 step 848
best 29908 restart 0 step 849
best 29900 restart 0 step 850
best 29890 restart 0 step 852
best 29879 restart 0 step 855
best 29877 restart 0 step 856
best 29876 restart 0 step 857
best 29873 restart 0 step 858
best 29867 restart 0 step 861
best 29864 restart 0 step 862
best 29860 restart 0 step 865
best 29857 restart 0 step 866
best 29854 restart 0 step 869
best 29847 restart 0 step 870
best 29842 restart 0 step 872
best 29828 restart 0 step 873
best 29821 restart 0 step 874
best 29813 restart 0 step 875
best 29810 restart 0 step 876
best 29804 restart 0 step 881
best 29800 restart 0 step 882
best 29799 restart 0 step 883
best 29797 restart 0 step 884
best 29788 restart 0 step 886
best 29786 restart 0 step 887
best 29774 restart 0 step 891
best 29771 restart 0 step 893
best 29765 restart 0 step 895
best 29758 restart 0 step 897
best 29742 restart 0 step 898
best 29724 restart 0 step 899
best 29715 restart 0 step 900
best 29705 restart 0 step 901
best 29702 restart 0 step 902
best 29693 restart 0 step 903
best 29685 restart 0 step 904
best 29684 restart 0 step 905
best 29674 restart 0 step 906
best 29665 restart 0 step 907
best 29659 restart 0 step 908
best 29652 restart 0 step 910
best 29648 restart 0 step 911
best 29640 restart 0 step 912
best 29638 restart 0 step 915
best 29633 restart 0 step 917
best 29621 restart 0 step 918
best 29617 restart 0 step 920
best 29616 restart 0 step 922
best 29612 restart 0 step 923
best 29604 restart 0 step 924
best 29598 restart 0 step 925
best 29594 restart 0 step 926
best 29591 restart 0 step 928
best 29585 restart 0 step 929
best 29573 restart 0 step 930
best 29571 restart 0 step 931
best 29567 restart 0 step 932
best 29562 restart 0 step 934
best 29558 restart 0 step 935
best 29556 restart 0 step 936
best 29549 restart 0 step 937
best 29541 restart 0 step 939
best 29538 restart 0 step 940
best 29531 restart 0 step 941
best 29530 restart 0 step 945
best 29522 restart 0 step 946
best 29506 restart 0 step 947
best 29495 restart 0 step 948
best 29480 restart 0 step 949
best 29476 restart 0 step 950
best 29473 restart 0 step 952
best 29465 restart 0 step 953
best 29458 restart 0 step 954
best 29447 restart 0 step 955
best 29432 restart 0 step 956
best 29426 restart 0 step 957
best 29424 restart 0 step 959
best 29419 restart 0 step 962
best 29416 restart 0 step 963
best 29400 restart 0 step 964
best 29397 restart 0 step 965
best 29392 restart 0 step 966
best 29391 restart 0 step 967
best 29379 restart 0 step 968
best 29377 restart 0 step 970
best 29374 restart 0 step 974
best 29369 restart 0 step 975
best 29362 restart 0 step 976
best 29346 restart 0 step 978
best 29342 restart 0 step 979
best 29340 restart 0 step 980
best 29337 restart 0 step 981
best 29334 restart 0 step 982
best 29329 restart 0 step 983
best 29328 restart 0 step 984
best 29325 restart 0 step 987
best 29314 restart 0 step 989
best 29299 restart 0 step 990
best 29293 restart 0 step 991
best 29292 restart 0 step 992
best 29286 restart 0 step 995
best 29284 restart 0 step 998
best 29275 restart 0 step 1001
best 29271 restart 0 step 1002
best 29269 restart 0 step 1003
best 29263 restart 0 step 1004
best 29258 restart 0 step 1008
best 29254 restart 0 step 1009
best 29246 restart 0 step 1010
best 29243 restart 0 step 1011
best 29239 restart 0 step 1017
best 29238 restart 0 step 1021
best 29225 restart 0 step 1023
best 29218 restart 0 step 1024
best 29208 restart 0 step 1028
best 29205 restart 0 step 1029
best 29203 restart 0 step 1030
best 29194 restart 0 step 1032
best 29189 restart 0 step 1033
best 29180 restart 0 step 1034
best 29177 restart 0 step 1035
best 29173 restart 0 step 1036
best 29160 restart 0 step 1039
best 29155 restart 0 step 1041
best 29140 restart 0 step 1043
best 29126 restart 0 step 1045
best 29116 restart 0 step 1049
best 29115 restart 0 step 1050
best 29113 restart 0 step 1051
best 29108 restart 0 step 1052
best 29107 restart 0 step 1053
best 29106 restart 0 step 1055
best 29097 restart 0 step 1056
best 29090 restart 0 step 1059
best 29084 restart 0 step 1060
best 29083 restart 0 step 1061
best 29076 restart 0 step 1062
best 29068 restart 0 step 1064
best 29056 restart 0 step 1065
best 29049 restart 0 step 1067
best 29047 restart 0 step 1069
best 29039 restart 0 step 1070
best 29033 restart 0 step 1071
best 29026 restart 0 step 1072
best 29024 restart 0 step 1074
best 29017 restart 0 step 1076
best 29004 restart 0 step 1078
best 29000 restart 0 step 1079
best 28998 restart 0 step 1080
best 28995 restart 0 step 1081
best 28989 restart 0 step 1082
best 28980 restart 0 step 1084
best 28972 restart 0 step 1085
best 28963 restart 0 step 1086
best 28957 restart 0 step 1088
best 28956 restart 0 step 1089
best 28951 restart 0 step 1090
best 28946 restart 0 step 1091
best 28944 restart 0 step 1094
best 28941 restart 0 step 1095
best 28936 restart 0 step 1099
best 28934 restart 0 step 1101
best 28921 restart 0 step 1102
best 28916 restart 0 step 1103
best 28911 restart 0 step 1104
best 28908 restart 0 step 1105
best 28905 restart 0 step 1106
best 28896 restart 0 step 1107
best 28888 restart 0 step 1110
best 28880 restart 0 step 1111
best 28875 restart 0 step 1112
best 28870 restart 0 step 1113
best 28865 restart 0 step 1114
best 28856 restart 0 step 1115
best 28854 restart 0 step 1118
best 28848 restart 0 step 1123
best 28844 restart 0 step 1125
best 28834 restart 0 step 1126
best 28828 restart 0 step 1128
best 28825 restart 0 step 1129
best 28823 restart 0 step 1131
best 28819 restart 0 step 1134
best 28811 restart 0 step 1135
best 28806 restart 0 step 1136
best 28798 restart 0 step 1137
best 28788 restart 0 step 1140
best 28786 restart 0 step 1141
best 28785 restart 0 step 1142
best 28781 restart 0 step 1144
best 28774 restart 0 step 1147
best 28771 restart 0 step 1148
best 28769 restart 0 step 1149
best 28760 restart 0 step 1151
best 28752 restart 0 step 1152
best 28744 restart 0 step 1154
best 28736 restart 0 step 1155
best 28732 restart 0 step 1157
best 28722 restart 0 step 1160
best 28718 restart 0 step 1161
best 28715 restart 0 step 1162
best 28713 restart 0 step 1163
best 28706 restart 0 step 1164
best 28701 restart 0 step 1166
best 28699 restart 0 step 1168
best 28689 restart 0 step 1169
best 28683 restart 0 step 1171
best 28673 restart 0 step 1173
best 28668 restart 0 step 1176
best 28658 restart 0 step 1178
best 28657 restart 0 step 1179
best 28642 restart 0 step 1180
best 28637 restart 0 step 1182
best 28631 restart 0 step 1184
best 28624 restart 0 step 1185
best 28623 restart 0 step 1186
best 28622 restart 0 step 1187
best 28614 restart 0 step 1188
best 28611 restart 0 step 1189
best 28598 restart 0 step 1190
best 28589 restart 0 step 1191
best 28584 restart 0 step 1192
best 28579 restart 0 step 1193
best 28573 restart 0 step 1194
best 28569 restart 0 step 1195
best 28563 restart 0 step 1198
best 28559 restart 0 step 1202
best 28558 restart 0 step 1205
best 28543 restart 0 step 1206
best 28541 restart 0 step 1208
best 28537 restart 0 step 1209
best 28531 restart 0 step 1210
best 28523 restart 0 step 1213
best 28512 restart 0 step 1214
best 28501 restart 0 step 1215
best 28492 restart 0 step 1217
best 28488 restart 0 step 1218
best 28480 restart 0 step 1219
best 28467 restart 0 step 1220
best 28456 restart 0 step 1224
best 28450 restart 0 step 1225
best 28442 restart 0 step 1226
best 28427 restart 0 step 1227
best 28424 restart 0 step 1228
best 28414 restart 0 step 1231
best 28411 restart 0 step 1233
best 28410 restart 0 step 1234
best 28397 restart 0 step 1236
best 28387 restart 0 step 1237
best 28384 restart 0 step 1240
best 28372 restart 0 step 1241
best 28364 restart 0 step 1243
best 28356 restart 0 step 1244
best 28344 restart 0 step 1250
best 28339 restart 0 step 1254
best 28334 restart 0 step 1257
best 28326 restart 0 step 1258
best 28324 restart 0 step 1259
best 28320 restart 0 step 1260
best 28317 restart 0 step 1261
best 28312 restart 0 step 1262
best 28304 restart 0 step 1263
best 28302 restart 0 step 1264
best 28299 restart 0 step 1266
best 28289 restart 0 step 1267
best 28280 restart 0 step 1268
best 28263 restart 0 step 1269
best 28250 restart 0 step 1270
best 28247 restart 0 step 1271
best 28245 restart 0 step 1272
best 28242 restart 0 step 1273
best 28231 restart 0 step 1274
best 28227 restart 0 step 1276
best 28225 restart 0 step 1277
best 28218 restart 0 step 1281
best 28212 restart 0 step 1282
best 28206 restart 0 step 1287
best 28201 restart 0 step 1288
best 28198 restart 0 step 1292
best 28195 restart 0 step 1296
best 28192 restart 0 step 1298
best 28191 restart 0 step 1300
best 28185 restart 0 step 1303
best 28182 restart 0 step 1304
best 28177 restart 0 step 1305
best 28173 restart 0 step 1308
best 28163 restart 0 step 1309
best 28160 restart 0 step 1310
best 28157 restart 0 step 1311
best 28151 restart 0 step 1312
best 28147 restart 0 step 1313
best 28146 restart 0 step 1315
best 28139 restart 0 step 1318
best 28133 restart 0 step 1319
best 28127 restart 0 step 1320
best 28125 restart 0 step 1322
best 28117 restart 0 step 1323
best 28115 restart 0 step 1327
best 28111 restart 0 step 1328
best 28101 restart 0 step 1332
best 28095 restart 0 step 1334
best 28088 restart 0 step 1336
best 28084 restart 0 step 1339
best 28079 restart 0 step 1340
best 28071 restart 0 step 1344
best 28057 restart 0 step 1345
best 28052 restart 0 step 1346
best 28040 restart 0 step 1347
best 28032 restart 0 step 1348
best 28027 restart 0 step 1349
best 28021 restart 0 step 1352
best 28018 restart 0 step 1353
best 28017 restart 0 step 1354
best 28008 restart 0 step 1356
best 28005 restart 0 step 1359
best 27997 restart 0 step 1361
best 27992 restart 0 step 1363
best 27991 restart 0 step 1366
best 27980 restart 0 step 1367
best 27976 restart 0 step 1368
best 27970 restart 0 step 1369
best 27968 restart 0 step 1371
best 27965 restart 0 step 1372
best 27952 restart 0 step 1373
best 27948 restart 0 step 1377
best 27945 restart 0 step 1379
best 27936 restart 0 step 1381
best 27929 restart 0 step 1382
best 27923 restart 0 step 1384
best 27920 restart 0 step 1385
best 27918 restart 0 step 1386
best 27910 restart 0 step 1388
best 27901 restart 0 step 1389
best 27897 restart 0 step 1390
best 27893 restart 0 step 1391
best 27890 restart 0 step 1394
best 27885 restart 0 step 1395
best 27875 restart 0 step 1396
best 27870 restart 0 step 1397
best 27864 restart 0 step 1398
best 27857 restart 0 step 1400
best 27854 restart 0 step 1401
best 27850 restart 0 step 1402
best 27843 restart 0 step 1405
best 27833 restart 0 step 1409
best 27828 restart 0 step 1410
best 27822 restart 0 step 1412
best 27819 restart 0 step 1413
best 27815 restart 0 step 1414
best 27813 restart 0 step 1416
best 27807 restart 0 step 1418
best 27802 restart 0 step 1422
best 27797 restart 0 step 1425
best 27790 restart 0 step 1426
best 27789 restart 0 step 1430
best 27787 restart 0 step 1432
best 27782 restart 0 step 1435
best 27774 restart 0 step 1437
best 27771 restart 0 step 1443
best 27757 restart 0 step 1446
best 27754 restart 0 step 1447
best 27750 restart 0 step 1448
best 27749 restart 0 step 1449
best 27743 restart 0 step 1452
best 27742 restart 0 step 1455
best 27740 restart 0 step 1457
best 27730 restart 0 step 1458
best 27724 restart 0 step 1460
best 27716 restart 0 step 1461
best 27715 restart 0 step 1464
best 27712 restart 0 step 1465
best 27706 restart 0 step 1466
best 27700 restart 0 step 1467
best 27695 restart 0 step 1468
best 27690 restart 0 step 1470
best 27689 restart 0 step 1472
best 27681 restart 0 step 1473
best 27677 restart 0 step 1479
best 27667 restart 0 step 1480
best 27664 restart 0 step 1482
best 27662 restart 0 step 1485
best 27657 restart 0 step 1486
best 27648 restart 0 step 1487
best 27640 restart 0 step 1488
best 27637 restart 0 step 1490
best 27631 restart 0 step 1491
best 27629 restart 0 step 1493
best 27625 restart 0 step 1494
best 27622 restart 0 step 1496
best 27610 restart 0 step 1497
best 27603 restart 0 step 1498
best 27602 restart 0 step 1499
best 27592 restart 0 step 1502
best 27590 restart 0 step 1503
best 27584 restart 0 step 1505
best 27575 restart 0 step 1506
best 27568 restart 0 step 1508
best 27565 restart 0 step 1511
best 27558 restart 0 step 1512
best 27557 restart 0 step 1516
best 27554 restart 0 step 1517
best 27552 restart 0 step 1518
best 27546 restart 0 step 1520
best 27539 restart 0 step 1522
best 27537 restart 0 step 1524
best 27535 restart 0 step 1525
best 27524 restart 0 step 1526
best 27514 restart 0 step 1529
best 27512 restart 0 step 1531
best 27502 restart 0 step 1534
best 27496 restart 0 step 1535
best 27493 restart 0 step 1539
best 27486 restart 0 step 1542
best 27483 restart 0 step 1543
best 27474 restart 0 step 1544
best 27460 restart 0 step 1545
best 27454 restart 0 step 1547
best 27447 restart 0 step 1549
best 27442 restart 0 step 1550
best 27438 restart 0 step 1552
best 27427 restart 0 step 1554
best 27423 restart 0 step 1555
best 27414 restart 0 step 1557
best 27413 restart 0 step 1561
best 27408 restart 0 step 1562
best 27403 restart 0 step 1563
best 27395 restart 0 step 1564
best 27391 restart 0 step 1565
best 27376 restart 0 step 1566
best 27368 restart 0 step 1567
best 27361 restart 0 step 1568
best 27358 restart 0 step 1569
best 27349 restart 0 step 1577
best 27344 restart 0 step 1578
best 27343 restart 0 step 1580
best 27337 restart 0 step 1581
best 27326 restart 0 step 1582
best 27318 restart 0 step 1597
best 27314 restart 0 step 1601
best 27300 restart 0 step 1602
best 27299 restart 0 step 1603
best 27295 restart 0 step 1605
best 27291 restart 0 step 1606
best 27286 restart 0 step 1607
best 27282 restart 0 step 1608
best 27273 restart 0 step 1610
best 27270 restart 0 step 1611
best 27264 restart 0 step 1613
best 27253 restart 0 step 1617
best 27249 restart 0 step 1618
best 27241 restart 0 step 1619
best 27238 restart 0 step 1620
best 27231 restart 0 step 1623
best 27230 restart 0 step 1626
best 27228 restart 0 step 1627
best 27224 restart 0 step 1628
best 27222 restart 0 step 1630
best 27213 restart 0 step 1631
best 27207 restart 0 step 1633
best 27198 restart 0 step 1634
best 27185 restart 0 step 1635
best 27180 restart 0 step 1637
best 27170 restart 0 step 1639
best 27167 restart 0 step 1640
best 27156 restart 0 step 1641
best 27142 restart 0 step 1643
best 27137 restart 0 step 1644
best 27125 restart 0 step 1646
best 27110 restart 0 step 1647
best 27107 restart 0 step 1649
best 27103 restart 0 step 1651
best 27091 restart 0 step 1652
best 27088 restart 0 step 1653
best 27087 restart 0 step 1656
best 27079 restart 0 step 1657
best 27078 restart 0 step 1658
best 27077 restart 0 step 1661
best 27067 restart 0 step 1662
best 27066 restart 0 step 1663
best 27064 restart 0 step 1664
best 27061 restart 0 step 1671
best 27060 restart 0 step 1673
best 27059 restart 0 step 1674
best 27053 restart 0 step 1676
best 27052 restart 0 step 1678
best 27051 restart 0 step 1679
best 27040 restart 0 step 1680
best 27038 restart 0 step 1681
best 27023 restart 0 step 1688
best 27020 restart 0 step 1689
best 27016 restart 0 step 1690
best 27014 restart 0 step 1692
best 27012 restart 0 step 1693
best 27009 restart 0 step 1694
best 27007 restart 0 step 1696
best 27003 restart 0 step 1697
best 26989 restart 0 step 1702
best 26984 restart 0 step 1704
best 26982 restart 0 step 1705
best 26981 restart 0 step 1706
best 26975 restart 0 step 1711
best 26971 restart 0 step 1712
best 26965 restart 0 step 1716
best 26962 restart 0 step 1719
best 26958 restart 0 step 1720
best 26953 restart 0 step 1725
best 26951 restart 0 step 1727
best 26950 restart 0 step 1729
best 26946 restart 0 step 1730
best 26945 restart 0 step 1732
best 26931 restart 0 step 1734
best 26924 restart 0 step 1738
best 26914 restart 0 step 1739
best 26911 restart 0 step 1740
best 26906 restart 0 step 1741
best 26897 restart 0 step 1742
best 26888 restart 0 step 1744
best 26885 restart 0 step 1747
best 26883 restart 0 step 1748
best 26873 restart 0 step 1751
best 26870 restart 0 step 1757
best 26864 restart 0 step 1758
best 26860 restart 0 step 1759
best 26850 restart 0 step 1762
best 26845 restart 0 step 1764
best 26838 restart 0 step 1773
best 26835 restart 0 step 1774
best 26831 restart 0 step 1775
best 26828 restart 0 step 1776
best 26825 restart 0 step 1777
best 26818 restart 0 step 1778
best 26807 restart 0 step 1779
best 26803 restart 0 step 1780
best 26794 restart 0 step 1782
best 26790 restart 0 step 1785
best 26789 restart 0 step 1787
best 26782 restart 0 step 1788
best 26768 restart 0 step 1789
best 26758 restart 0 step 1791
best 26747 restart 0 step 1794
best 26739 restart 0 step 1795
best 26729 restart 0 step 1798
best 26728 restart 0 step 1801
best 26721 restart 0 step 1803
best 26716 restart 0 step 1804
best 26713 restart 0 step 1806
best 26708 restart 0 step 1808
best 26705 restart 0 step 1812
best 26699 restart 0 step 1814
best 26693 restart 0 step 1817
best 26688 restart 0 step 1819
best 26681 restart 0 step 1824
best 26679 restart 0 step 1825
best 26674 restart 0 step 1826
best 26666 restart 0 step 1828
best 26656 restart 0 step 1831
best 26645 restart 0 step 1833
best 26644 restart 0 step 1834
best 26642 restart 0 step 1836
best 26641 restart 0 step 1840
best 26637 restart 0 step 1841
best 26629 restart 0 step 1842
best 26626 restart 0 step 1843
best 26620 restart 0 step 1844
best 26607 restart 0 step 1845
best 26602 restart 0 step 1849
best 26600 restart 0 step 1857
best 26594 restart 0 step 1858
best 26587 restart 0 step 1860
best 26583 restart 0 step 1861
best 26571 restart 0 step 1862
best 26568 restart 0 step 1863
best 26567 restart 0 step 1865
best 26566 restart 0 step 1866
best 26560 restart 0 step 1872
best 26556 restart 0 step 1875
best 26554 restart 0 step 1877
best 26553 restart 0 step 1879
best 26546 restart 0 step 1880
best 26541 restart 0 step 1881
best 26538 restart 0 step 1885
best 26529 restart 0 step 1886
best 26522 restart 0 step 1887
best 26517 restart 0 step 1888
best 26515 restart 0 step 1891
best 26508 restart 0 step 1893
best 26494 restart 0 step 1894
best 26485 restart 0 step 1895
best 26479 restart 0 step 1896
best 26475 restart 0 step 1898
best 26466 restart 0 step 1899
best 26461 restart 0 step 1902
best 26456 restart 0 step 1903
best 26454 restart 0 step 1906
best 26448 restart 0 step 1908
best 26442 restart 0 step 1909
best 26441 restart 0 step 1910
best 26431 restart 0 step 1916
best 26429 restart 0 step 1917
best 26417 restart 0 step 1918
best 26415 restart 0 step 1920
best 26412 restart 0 step 1923
best 26405 restart 0 step 1924
best 26398 restart 0 step 1926
best 26395 restart 0 step 1927
best 26394 restart 0 step 1928
best 26391 restart 0 step 1929
best 26389 restart 0 step 1932
best 26385 restart 0 step 1933
best 26381 restart 0 step 1939
best 26379 restart 0 step 1940
best 26373 restart 0 step 1941
best 26358 restart 0 step 1944
best 26351 restart 0 step 1945
best 26347 restart 0 step 1947
best 26334 restart 0 step 1948
best 26320 restart 0 step 1949
best 26310 restart 0 step 1950
best 26309 restart 0 step 1954
best 26306 restart 0 step 1956
best 26303 restart 0 step 1958
best 26297 restart 0 step 1960
best 26296 restart 0 step 1961
best 26290 restart 0 step 1962
best 26287 restart 0 step 1964
best 26280 restart 0 step 1965
best 26267 restart 0 step 1966
best 26259 restart 0 step 1967
best 26252 restart 0 step 1969
best 26246 restart 0 step 1971
best 26241 restart 0 step 1974
best 26240 restart 0 step 1977
best 26233 restart 0 step 1979
best 26227 restart 0 step 1980
best 26220 restart 0 step 1981
best 26212 restart 0 step 1982
best 26210 restart 0 step 1984
best 26207 restart 0 step 1986
best 26197 restart 0 step 1988
best 26188 restart 0 step 1989
best 26183 restart 0 step 1990
best 26179 restart 0 step 1992
best 26178 restart 0 step 1994
best 26175 restart 0 step 1996
best 26172 restart 0 step 1999
best 26171 restart 0 step 2000
best 26159 restart 0 step 2003
best 26155 restart 0 step 2005
best 26152 restart 0 step 2007
best 26147 restart 0 step 2011
best 26140 restart 0 step 2015
best 26128 restart 0 step 2016
best 26124 restart 0 step 2017
best 26112 restart 0 step 2018
best 26109 restart 0 step 2019
best 26103 restart 0 step 2022
best 26092 restart 0 step 2023
best 26088 restart 0 step 2025
best 26084 restart 0 step 2027
best 26077 restart 0 step 2028
best 26071 restart 0 step 2029
best 26068 restart 0 step 2031
best 26065 restart 0 step 2032
best 26056 restart 0 step 2033
best 26047 restart 0 step 2034
best 26041 restart 0 step 2038
best 26018 restart 0 step 2040
best 26013 restart 0 step 2041
best 26010 restart 0 step 2044
best 25993 restart 0 step 2045
best 25991 restart 0 step 2046
best 25988 restart 0 step 2047
best 25986 restart 0 step 2049
best 25980 restart 0 step 2050
best 25975 restart 0 step 2053
best 25973 restart 0 step 2055
best 25969 restart 0 step 2056
best 25968 restart 0 step 2057
best 25959 restart 0 step 2059
best 25955 restart 0 step 2062
best 25949 restart 0 step 2064
best 25948 restart 0 step 2066
best 25942 restart 0 step 2067
best 25941 restart 0 step 2068
best 25939 restart 0 step 2069
best 25936 restart 0 step 2070
best 25927 restart 0 step 2072
best 25923 restart 0 step 2073
best 25921 restart 0 step 2074
best 25910 restart 0 step 2075
best 25908 restart 0 step 2076
best 25903 restart 0 step 2080
best 25895 restart 0 step 2081
best 25887 restart 0 step 2082
best 25884 restart 0 step 2084
best 25881 restart 0 step 2086
best 25880 restart 0 step 2088
best 25878 restart 0 step 2089
best 25877 restart 0 step 2093
best 25875 restart 0 step 2095
best 25873 restart 0 step 2096
best 25868 restart 0 step 2098
best 25862 restart 0 step 2099
best 25856 restart 0 step 2101
best 25854 restart 0 step 2102
best 25842 restart 0 step 2104
best 25840 restart 0 step 2105
best 25839 restart 0 step 2106
best 25835 restart 0 step 2112
best 25833 restart 0 step 2117
best 25829 restart 0 step 2119
best 25825 restart 0 step 2120
best 25817 restart 0 step 2121
best 25812 restart 0 step 2123
best 25797 restart 0 step 2127
best 25794 restart 0 step 2133
best 25792 restart 0 step 2148
best 25786 restart 0 step 2151
best 25785 restart 0 step 2155
best 25780 restart 0 step 2158
best 25770 restart 0 step 2159
best 25768 restart 0 step 2160
best 25766 restart 0 step 2161
best 25765 restart 0 step 2163
best 25754 restart 0 step 2164
best 25749 restart 0 step 2165
best 25744 restart 0 step 2166
best 25738 restart 0 step 2167
best 25729 restart 0 step 2170
best 25726 restart 0 step 2171
best 25720 restart 0 step 2174
best 25715 restart 0 step 2180
best 25708 restart 0 step 2181
best 25704 restart 0 step 2191
best 25696 restart 0 step 2194
best 25691 restart 0 step 2197
best 25683 restart 0 step 2200
best 25677 restart 0 step 2201
best 25676 restart 0 step 2202
best 25665 restart 0 step 2205
best 25664 restart 0 step 2208
best 25662 restart 0 step 2210
best 25661 restart 0 step 2212
best 25655 restart 0 step 2213
best 25650 restart 0 step 2217
best 25641 restart 0 step 2223
best 25640 restart 0 step 2224
best 25639 restart 0 step 2228
best 25620 restart 0 step 2230
best 25618 restart 0 step 2231
best 25609 restart 0 step 2232
best 25605 restart 0 step 2233
best 25600 restart 0 step 2236
best 25599 restart 0 step 2238
best 25590 restart 0 step 2242
best 25587 restart 0 step 2243
best 25583 restart 0 step 2246
best 25580 restart 0 step 2250
best 25578 restart 0 step 2254
best 25571 restart 0 step 2257
best 25563 restart 0 step 2258
best 25559 restart 0 step 2260
best 25553 restart 0 step 2261
best 25549 restart 0 step 2262
best 25542 restart 0 step 2263
best 25540 restart 0 step 2267
best 25537 restart 0 step 2268
best 25529 restart 0 step 2269
best 25524 restart 0 step 2274
best 25518 restart 0 step 2275
best 25511 restart 0 step 2277
best 25505 restart 0 step 2278
best 25500 restart 0 step 2279
best 25493 restart 0 step 2280
best 25489 restart 0 step 2282
best 25488 restart 0 step 2283
best 25486 restart 0 step 2284
best 25483 restart 0 step 2285
best 25479 restart 0 step 2286
best 25476 restart 0 step 2288
best 25473 restart 0 step 2289
best 25462 restart 0 step 2290
best 25459 restart 0 step 2293
best 25455 restart 0 step 2309
best 25441 restart 0 step 2310
best 25435 restart 0 step 2315
best 25431 restart 0 step 2318
best 25424 restart 0 step 2319
best 25414 restart 0 step 2320
best 25409 restart 0 step 2323
best 25407 restart 0 step 2325
best 25403 restart 0 step 2326
best 25401 restart 0 step 2328
best 25400 restart 0 step 2334
best 25397 restart 0 step 2336
best 25393 restart 0 step 2337
best 25390 restart 0 step 2338
best 25383 restart 0 step 2339
best 25378 restart 0 step 2341
best 25376 restart 0 step 2347
best 25372 restart 0 step 2348
best 25365 restart 0 step 2349
best 25362 restart 0 step 2354
best 25361 restart 0 step 2355
best 25360 restart 0 step 2358
best 25358 restart 0 step 2359
best 25337 restart 0 step 2360
best 25330 restart 0 step 2362
best 25325 restart 0 step 2363
best 25322 restart 0 step 2364
best 25320 restart 0 step 2367
best 25312 restart 0 step 2368
best 25305 restart 0 step 2371
best 25292 restart 0 step 2372
best 25285 restart 0 step 2374
best 25279 restart 0 step 2376
best 25278 restart 0 step 2378
best 25277 restart 0 step 2383
best 25274 restart 0 step 2384
best 25262 restart 0 step 2385
best 25257 restart 0 step 2386
best 25249 restart 0 step 2387
best 25245 restart 0 step 2388
best 25240 restart 0 step 2389
best 25237 restart 0 step 2390
best 25233 restart 0 step 2391
best 25230 restart 0 step 2392
best 25227 restart 0 step 2393
best 25216 restart 0 step 2396
best 25211 restart 0 step 2398
best 25206 restart 0 step 2399
best 25197 restart 0 step 2400
best 25194 restart 0 step 2401
best 25185 restart 0 step 2402
best 25182 restart 0 step 2405
best 25181 restart 0 step 2417
best 25180 restart 0 step 2424
best 25169 restart 0 step 2427
best 25156 restart 0 step 2429
best 25154 restart 0 step 2430
best 25147 restart 0 step 2434
best 25143 restart 0 step 2435
best 25129 restart 0 step 2437
best 25128 restart 0 step 2439
best 25126 restart 0 step 2441
best 25125 restart 0 step 2442
best 25121 restart 0 step 2443
best 25115 restart 0 step 2446
best 25111 restart 0 step 2447
best 25106 restart 0 step 2450
best 25100 restart 0 step 2451
best 25098 restart 0 step 2453
best 25086 restart 0 step 2454
best 25077 restart 0 step 2455
best 25075 restart 0 step 2456
best 25068 restart 0 step 2460
best 25061 restart 0 step 2461
best 25057 restart 0 step 2462
best 25046 restart 0 step 2463
best 25045 restart 0 step 2465
best 25039 restart 0 step 2466
best 25031 restart 0 step 2468
best 25026 restart 0 step 2470
best 25025 restart 0 step 2472
best 25024 restart 0 step 2474
best 25015 restart 0 step 2478
best 25009 restart 0 step 2479
best 25008 restart 0 step 2480
best 25003 restart 0 step 2483
best 25001 restart 0 step 2484
best 24998 restart 0 step 2485
best 24986 restart 0 step 2487
best 24968 restart 0 step 2490
best 24966 restart 0 step 2491
best 24961 restart 0 step 2492
best 24960 restart 0 step 2495
best 24955 restart 0 step 2496
best 24942 restart 0 step 2497
best 24938 restart 0 step 2500
best 24932 restart 0 step 2503
best 24928 restart 0 step 2504
best 24923 restart 0 step 2510
best 24916 restart 0 step 2512
best 24911 restart 0 step 2513
best 24908 restart 0 step 2515
best 24906 restart 0 step 2516
best 24897 restart 0 step 2517
best 24883 restart 0 step 2518
best 24881 restart 0 step 2519
best 24877 restart 0 step 2523
best 24874 restart 0 step 2526
best 24867 restart 0 step 2527
best 24863 restart 0 step 2529
best 24853 restart 0 step 2531
best 24852 restart 0 step 2532
best 24841 restart 0 step 2533
best 24834 restart 0 step 2535
best 24833 restart 0 step 2536
best 24831 restart 0 step 2537
best 24829 restart 0 step 2538
best 24821 restart 0 step 2539
best 24813 restart 0 step 2541
best 24805 restart 0 step 2543
best 24799 restart 0 step 2544
best 24791 restart 0 step 2546
best 24790 restart 0 step 2549
best 24786 restart 0 step 2550
best 24774 restart 0 step 2551
best 24773 restart 0 step 2552
best 24770 restart 0 step 2560
best 24760 restart 0 step 2561
best 24758 restart 0 step 2562
best 24751 restart 0 step 2563
best 24744 restart 0 step 2569
best 24742 restart 0 step 2570
best 24738 restart 0 step 2571
best 24729 restart 0 step 2572
best 24727 restart 0 step 2573
best 24720 restart 0 step 2574
best 24719 restart 0 step 2575
best 24711 restart 0 step 2578
best 24708 restart 0 step 2579
best 24696 restart 0 step 2580
best 24693 restart 0 step 2581
best 24691 restart 0 step 2583
best 24688 restart 0 step 2584
best 24686 restart 0 step 2588
best 24678 restart 0 step 2591
best 24673 restart 0 step 2596
best 24664 restart 0 step 2601
best 24652 restart 0 step 2602
best 24651 restart 0 step 2604
best 24649 restart 0 step 2612
best 24645 restart 0 step 2614
best 24640 restart 0 step 2616
best 24638 restart 0 step 2617
best 24628 restart 0 step 2618
best 24623 restart 0 step 2621
best 24619 restart 0 step 2626
best 24613 restart 0 step 2628
best 24609 restart 0 step 2629
best 24607 restart 0 step 2632
best 24605 restart 0 step 2635
best 24597 restart 0 step 2636
best 24594 restart 0 step 2638
best 24580 restart 0 step 2646
best 24579 restart 0 step 2647
best 24575 restart 0 step 2652
best 24555 restart 0 step 2653
best 24552 restart 0 step 2655
best 24551 restart 0 step 2656
best 24545 restart 0 step 2661
best 24544 restart 0 step 2663
best 24540 restart 0 step 2665
best 24527 restart 0 step 2666
best 24521 restart 0 step 2667
best 24510 restart 0 step 2671
best 24507 restart 0 step 2678
best 24499 restart 0 step 2679
best 24495 restart 0 step 2680
best 24490 restart 0 step 2681
best 24472 restart 0 step 2682
best 24469 restart 0 step 2683
best 24458 restart 0 step 2685
best 24456 restart 0 step 2686
best 24450 restart 0 step 2687
best 24444 restart 0 step 2688
best 24441 restart 0 step 2690
best 24433 restart 0 step 2694
best 24428 restart 0 step 2695
best 24418 restart 0 step 2696
best 24411 restart 0 step 2699
best 24407 restart 0 step 2700
best 24389 restart 0 step 2702
best 24383 restart 0 step 2705
best 24368 restart 0 step 2706
best 24353 restart 0 step 2711
best 24345 restart 0 step 2713
best 24341 restart 0 step 2715
best 24335 restart 0 step 2716
best 24328 restart 0 step 2717
best 24324 restart 0 step 2720
best 24320 restart 0 step 2722
best 24313 restart 0 step 2725
best 24312 restart 0 step 2727
best 24306 restart 0 step 2729
best 24298 restart 0 step 2730
best 24290 restart 0 step 2732
best 24289 restart 0 step 2733
best 24287 restart 0 step 2735
best 24285 restart 0 step 2736
best 24270 restart 0 step 2739
best 24260 restart 0 step 2742
best 24252 restart 0 step 2745
best 24245 restart 0 step 2748
best 24235 restart 0 step 2752
best 24227 restart 0 step 2753
best 24212 restart 0 step 2756
best 24209 restart 0 step 2757
best 24208 restart 0 step 2759
best 24194 restart 0 step 2761
best 24187 restart 0 step 2762
best 24183 restart 0 step 2765
best 24180 restart 0 step 2766
best 24171 restart 0 step 2767
best 24164 restart 0 step 2770
best 24159 restart 0 step 2771
best 24153 restart 0 step 2772
best 24149 restart 0 step 2773
best 24146 restart 0 step 2774
best 24140 restart 0 step 2775
best 24137 restart 0 step 2777
best 24132 restart 0 step 2778
best 24130 restart 0 step 2781
best 24118 restart 0 step 2784
best 24117 restart 0 step 2785
best 24116 restart 0 step 2786
best 24115 restart 0 step 2788
best 24114 restart 0 step 2789
best 24112 restart 0 step 2790
best 24107 restart 0 step 2791
best 24104 restart 0 step 2792
best 24093 restart 0 step 2795
best 24088 restart 0 step 2796
best 24082 restart 0 step 2798
best 24081 restart 0 step 2801
best 24068 restart 0 step 2802
best 24066 restart 0 step 2803
best 24054 restart 0 step 2804
best 24047 restart 0 step 2805
best 24038 restart 0 step 2806
best 24029 restart 0 step 2807
best 24021 restart 0 step 2809
best 24012 restart 0 step 2810
best 23998 restart 0 step 2811
best 23993 restart 0 step 2812
best 23989 restart 0 step 2814
best 23987 restart 0 step 2815
best 23982 restart 0 step 2818
best 23972 restart 0 step 2819
best 23971 restart 0 step 2820
best 23966 restart 0 step 2821
best 23962 restart 0 step 2822
best 23955 restart 0 step 2823
best 23943 restart 0 step 2831
best 23936 restart 0 step 2836
best 23925 restart 0 step 2838
best 23921 restart 0 step 2849
best 23917 restart 0 step 2850
best 23908 restart 0 step 2851
best 23902 restart 0 step 2852
best 23897 restart 0 step 2854
best 23894 restart 0 step 2855
best 23885 restart 0 step 2857
best 23884 restart 0 step 2859
best 23867 restart 0 step 2864
best 23857 restart 0 step 2866
best 23856 restart 0 step 2868
best 23853 restart 0 step 2869
best 23843 restart 0 step 2871
best 23842 restart 0 step 2872
best 23836 restart 0 step 2876
best 23829 restart 0 step 2880
best 23814 restart 0 step 2881
best 23809 restart 0 step 2882
best 23806 restart 0 step 2884
best 23799 restart 0 step 2886
best 23795 restart 0 step 2890
best 23789 restart 0 step 2891
best 23785 restart 0 step 2892
best 23774 restart 0 step 2894
best 23768 restart 0 step 2895
best 23764 restart 0 step 2898
best 23762 restart 0 step 2899
best 23749 restart 0 step 2900
best 23744 restart 0 step 2904
best 23736 restart 0 step 2907
best 23731 restart 0 step 2908
best 23727 restart 0 step 2911
best 23724 restart 0 step 2914
best 23713 restart 0 step 2915
best 23710 restart 0 step 2916
best 23707 restart 0 step 2917
best 23704 restart 0 step 2918
best 23702 restart 0 step 2919
best 23690 restart 0 step 2926
best 23689 restart 0 step 2927
best 23681 restart 0 step 2928
best 23678 restart 0 step 2931
best 23674 restart 0 step 2932
best 23663 restart 0 step 2935
best 23652 restart 0 step 2936
best 23643 restart 0 step 2938
best 23642 restart 0 step 2939
best 23635 restart 0 step 2940
best 23631 restart 0 step 2942
best 23622 restart 0 step 2943
best 23616 restart 0 step 2944
best 23606 restart 0 step 2945
best 23600 restart 0 step 2947
best 23594 restart 0 step 2949
best 23592 restart 0 step 2953
best 23587 restart 0 step 2955
best 23584 restart 0 step 2956
best 23583 restart 0 step 2957
best 23582 restart 0 step 2958
best 23571 restart 0 step 2959
best 23570 restart 0 step 2960
best 23568 restart 0 step 2962
best 23562 restart 0 step 2966
best 23552 restart 0 step 2968
best 23548 restart 0 step 2969
best 23541 restart 0 step 2970
best 23540 restart 0 step 2971
best 23537 restart 0 step 2973
best 23524 restart 0 step 2975
best 23521 restart 0 step 2979
best 23503 restart 0 step 2980
best 23500 restart 0 step 2986
best 23492 restart 0 step 2989
best 23490 restart 0 step 2993
best 23481 restart 0 step 2994
best 23477 restart 0 step 2995
best 23471 restart 0 step 2997
best 23457 restart 0 step 2999
best 23453 restart 0 step 3001
best 23448 restart 0 step 3002
best 23443 restart 0 step 3003
best 23438 restart 0 step 3006
best 23437 restart 0 step 3011
best 23425 restart 0 step 3012
best 23419 restart 0 step 3013
best 23402 restart 0 step 3015
best 23401 restart 0 step 3017
best 23392 restart 0 step 3018
best 23378 restart 0 step 3021
best 23369 restart 0 step 3023
best 23366 restart 0 step 3024
best 23357 restart 0 step 3025
best 23354 restart 0 step 3026
best 23351 restart 0 step 3027
best 23339 restart 0 step 3028
best 23338 restart 0 step 3030
best 23337 restart 0 step 3034
best 23332 restart 0 step 3037
best 23329 restart 0 step 3038
best 23328 restart 0 step 3039
best 23322 restart 0 step 3040
best 23320 restart 0 step 3041
best 23318 restart 0 step 3043
best 23312 restart 0 step 3044
best 23310 restart 0 step 3047
best 23294 restart 0 step 3051
best 23286 restart 0 step 3052
best 23283 restart 0 step 3054
best 23281 restart 0 step 3055
best 23273 restart 0 step 3057
best 23272 restart 0 step 3060
best 23267 restart 0 step 3061
best 23259 restart 0 step 3062
best 23257 restart 0 step 3064
best 23245 restart 0 step 3065
best 23240 restart 0 step 3070
best 23238 restart 0 step 3071
best 23231 restart 0 step 3072
best 23218 restart 0 step 3073
best 23213 restart 0 step 3075
best 23211 restart 0 step 3081
best 23202 restart 0 step 3085
best 23199 restart 0 step 3086
best 23196 restart 0 step 3088
best 23192 restart 0 step 3089
best 23187 restart 0 step 3090
best 23186 restart 0 step 3091
best 23181 restart 0 step 3093
best 23180 restart 0 step 3095
best 23173 restart 0 step 3097
best 23167 restart 0 step 3098
best 23162 restart 0 step 3099
best 23161 restart 0 step 3101
best 23147 restart 0 step 3102
best 23141 restart 0 step 3104
best 23130 restart 0 step 3105
best 23119 restart 0 step 3108
best 23116 restart 0 step 3115
best 23110 restart 0 step 3116
best 23109 restart 0 step 3117
best 23103 restart 0 step 3119
best 23099 restart 0 step 3120
best 23088 restart 0 step 3121
best 23084 restart 0 step 3125
best 23077 restart 0 step 3133
best 23071 restart 0 step 3134
best 23060 restart 0 step 3135
best 23059 restart 0 step 3137
best 23055 restart 0 step 3140
best 23048 restart 0 step 3141
best 23042 restart 0 step 3142
best 23034 restart 0 step 3145
best 23019 restart 0 step 3147
best 23012 restart 0 step 3148
best 23004 restart 0 step 3149
best 23002 restart 0 step 3151
best 22995 restart 0 step 3161
best 22989 restart 0 step 3162
best 22985 restart 0 step 3163
best 22983 restart 0 step 3164
best 22973 restart 0 step 3168
best 22972 restart 0 step 3170
best 22966 restart 0 step 3171
best 22961 restart 0 step 3176
best 22952 restart 0 step 3177
best 22951 restart 0 step 3178
best 22949 restart 0 step 3179
best 22947 restart 0 step 3192
best 22946 restart 0 step 3195
best 22943 restart 0 step 3196
best 22928 restart 0 step 3197
best 22920 restart 0 step 3198
best 22918 restart 0 step 3200
best 22909 restart 0 step 3202
best 22908 restart 0 step 3203
best 22878 restart 0 step 3204
best 22874 restart 0 step 3206
best 22871 restart 0 step 3207
best 22868 restart 0 step 3208
best 22867 restart 0 step 3210
best 22861 restart 0 step 3211
best 22856 restart 0 step 3212
best 22854 restart 0 step 3213
best 22853 restart 0 step 3215
best 22846 restart 0 step 3217
best 22845 restart 0 step 3218
best 22841 restart 0 step 3220
best 22837 restart 0 step 3222
best 22829 restart 0 step 3223
best 22816 restart 0 step 3224
best 22812 restart 0 step 3226
best 22807 restart 0 step 3229
best 22805 restart 0 step 3230
best 22803 restart 0 step 3236
best 22802 restart 0 step 3238
best 22798 restart 0 step 3242
best 22795 restart 0 step 3243
best 22794 restart 0 step 3244
best 22776 restart 0 step 3248
best 22770 restart 0 step 3250
best 22767 restart 0 step 3252
best 22757 restart 0 step 3255
best 22737 restart 0 step 3257
best 22731 restart 0 step 3259
best 22726 restart 0 step 3260
best 22721 restart 0 step 3263
best 22718 restart 0 step 3268
best 22714 restart 0 step 3269
best 22712 restart 0 step 3270
best 22709 restart 0 step 3276
best 22707 restart 0 step 3279
best 22697 restart 0 step 3280
best 22696 restart 0 step 3281
best 22692 restart 0 step 3282
best 22684 restart 0 step 3286
best 22681 restart 0 step 3287
best 22674 restart 0 step 3291
best 22671 restart 0 step 3294
best 22666 restart 0 step 3299
best 22658 restart 0 step 3303
best 22653 restart 0 step 3307
best 22648 restart 0 step 3308
best 22640 restart 0 step 3320
best 22631 restart 0 step 3322
best 22618 restart 0 step 3325
best 22606 restart 0 step 3326
best 22588 restart 0 step 3330
best 22585 restart 0 step 3333
best 22583 restart 0 step 3334
best 22568 restart 0 step 3335
best 22564 restart 0 step 3336
best 22554 restart 0 step 3337
best 22543 restart 0 step 3340
best 22540 restart 0 step 3341
best 22528 restart 0 step 3346
best 22519 restart 0 step 3356
best 22516 restart 0 step 3357
best 22514 restart 0 step 3359
best 22507 restart 0 step 3360
best 22506 restart 0 step 3361
best 22503 restart 0 step 3365
best 22496 restart 0 step 3368
best 22491 restart 0 step 3370
best 22480 restart 0 step 3371
best 22479 restart 0 step 3372
best 22473 restart 0 step 3373
best 22468 restart 0 step 3376
best 22465 restart 0 step 3377
best 22458 restart 0 step 3378
best 22453 restart 0 step 3379
best 22448 restart 0 step 3385
best 22446 restart 0 step 3386
best 22443 restart 0 step 3387
best 22439 restart 0 step 3391
best 22437 restart 0 step 3393
best 22436 restart 0 step 3396
best 22427 restart 0 step 3398
best 22417 restart 0 step 3399
best 22412 restart 0 step 3400
best 22405 restart 0 step 3401
best 22403 restart 0 step 3413
best 22402 restart 0 step 3418
best 22388 restart 0 step 3419
best 22383 restart 0 step 3420
best 22381 restart 0 step 3421
best 22376 restart 0 step 3423
best 22372 restart 0 step 3425
best 22359 restart 0 step 3447
best 22356 restart 0 step 3449
best 22355 restart 0 step 3451
best 22348 restart 0 step 3455
best 22344 restart 0 step 3456
best 22336 restart 0 step 3460
best 22332 restart 0 step 3461
best 22316 restart 0 step 3462
best 22311 restart 0 step 3466
best 22306 restart 0 step 3467
best 22294 restart 0 step 3468
best 22288 restart 0 step 3471
best 22287 restart 0 step 3472
best 22264 restart 0 step 3477
best 22260 restart 0 step 3486
best 22247 restart 0 step 3488
best 22244 restart 0 step 3489
best 22241 restart 0 step 3490
best 22225 restart 0 step 3492
best 22224 restart 0 step 3493
best 22210 restart 0 step 3494
best 22199 restart 0 step 3499
best 22186 restart 0 step 3502
best 22185 restart 0 step 3503
best 22184 restart 0 step 3508
best 22182 restart 0 step 3510
best 22169 restart 0 step 3511
best 22167 restart 0 step 3513
best 22162 restart 0 step 3514
best 22160 restart 0 step 3515
best 22147 restart 0 step 3525
best 22140 restart 0 step 3526
best 22129 restart 0 step 3529
best 22127 restart 0 step 3530
best 22121 restart 0 step 3531
best 22119 restart 0 step 3532
best 22111 restart 0 step 3537
best 22106 restart 0 step 3540
best 22097 restart 0 step 3542
best 22093 restart 0 step 3545
best 22091 restart 0 step 3547
best 22090 restart 0 step 3554
best 22085 restart 0 step 3555
best 22084 restart 0 step 3564
best 22073 restart 0 step 3573
best 22072 restart 0 step 3575
best 22067 restart 0 step 3576
best 22060 restart 0 step 3578
best 22058 restart 0 step 3580
best 22053 restart 0 step 3582
best 22035 restart 0 step 3587
best 22024 restart 0 step 3590
best 22012 restart 0 step 3593
best 22001 restart 0 step 3594
best 21991 restart 0 step 3601
best 21986 restart 0 step 3604
best 21978 restart 0 step 3612
best 21975 restart 0 step 3613
best 21971 restart 0 step 3615
best 21959 restart 0 step 3618
best 21958 restart 0 step 3620
best 21951 restart 0 step 3622
best 21948 restart 0 step 3625
best 21944 restart 0 step 3633
best 21943 restart 0 step 3634
best 21942 restart 0 step 3638
best 21939 restart 0 step 3640
best 21936 restart 0 step 3650
best 21935 restart 0 step 3651
best 21933 restart 0 step 3652
best 21923 restart 0 step 3655
best 21921 restart 0 step 3657
best 21920 restart 0 step 3658
best 21914 restart 0 step 3659
best 21907 restart 0 step 3662
best 21903 restart 0 step 3666
best 21897 restart 0 step 3668
best 21885 restart 0 step 3669
best 21884 restart 0 step 3671
best 21875 restart 0 step 3673
best 21864 restart 0 step 3677
best 21854 restart 0 step 3678
best 21853 restart 0 step 3679
best 21850 restart 0 step 3682
best 21849 restart 0 step 3686
best 21847 restart 0 step 3687
best 21840 restart 0 step 3688
best 21839 restart 0 step 3690
best 21831 restart 0 step 3692
best 21828 restart 0 step 3698
best 21815 restart 0 step 3701
best 21813 restart 0 step 3702
best 21802 restart 0 step 3703
best 21796 restart 0 step 3706
best 21789 restart 0 step 3707
best 21785 restart 0 step 3708
best 21784 restart 0 step 3710
best 21782 restart 0 step 3711
best 21778 restart 0 step 3714
best 21776 restart 0 step 3715
best 21769 restart 0 step 3721
best 21766 restart 0 step 3723
best 21754 restart 0 step 3724
best 21753 restart 0 step 3726
best 21740 restart 0 step 3727
best 21736 restart 0 step 3729
best 21728 restart 0 step 3731
best 21722 restart 0 step 3735
best 21720 restart 0 step 3739
best 21717 restart 0 step 3740
best 21712 restart 0 step 3744
best 21701 restart 0 step 3745
best 21700 restart 0 step 3747
best 21697 restart 0 step 3751
best 21695 restart 0 step 3752
best 21681 restart 0 step 3754
best 21679 restart 0 step 3756
best 21675 restart 0 step 3757
best 21669 restart 0 step 3764
best 21665 restart 0 step 3765
best 21638 restart 0 step 3767
best 21637 restart 0 step 3768
best 21622 restart 0 step 3776
best 21621 restart 0 step 3779
best 21616 restart 0 step 3786
best 21613 restart 0 step 3791
best 21609 restart 0 step 3793
best 21592 restart 0 step 3794
best 21579 restart 0 step 3798
best 21574 restart 0 step 3801
best 21569 restart 0 step 3808
best 21564 restart 0 step 3809
best 21558 restart 0 step 3810
best 21553 restart 0 step 3811
best 21547 restart 0 step 3815
best 21544 restart 0 step 3817
best 21536 restart 0 step 3818
best 21534 restart 0 step 3819
best 21530 restart 0 step 3826
best 21528 restart 0 step 3829
best 21523 restart 0 step 3831
best 21497 restart 0 step 3841
best 21495 restart 0 step 3843
best 21490 restart 0 step 3846
best 21471 restart 0 step 3847
best 21467 restart 0 step 3848
best 21465 restart 0 step 3852
best 21464 restart 0 step 3854
best 21445 restart 0 step 3855
best 21438 restart 0 step 3857
best 21434 restart 0 step 3859
best 21424 restart 0 step 3860
best 21419 restart 0 step 3861
best 21417 restart 0 step 3862
best 21409 restart 0 step 3864
best 21407 restart 0 step 3865
best 21382 restart 0 step 3869
best 21379 restart 0 step 3871
best 21373 restart 0 step 3876
best 21371 restart 0 step 3878
best 21366 restart 0 step 3882
best 21361 restart 0 step 3886
best 21358 restart 0 step 3887
best 21350 restart 0 step 3888
best 21349 restart 0 step 3890
best 21346 restart 0 step 3891
best 21340 restart 0 step 3892
best 21333 restart 0 step 3894
best 21332 restart 0 step 3898
best 21329 restart 0 step 3901
best 21317 restart 0 step 3902
best 21293 restart 0 step 3903
best 21292 restart 0 step 3904
best 21289 restart 0 step 3905
best 21279 restart 0 step 3906
best 21276 restart 0 step 3907
best 21275 restart 0 step 3909
best 21253 restart 0 step 3911
best 21252 restart 0 step 3923
best 21240 restart 0 step 3925
best 21212 restart 0 step 3930
best 21205 restart 0 step 3931
best 21196 restart 0 step 3934
best 21177 restart 0 step 3936
best 21161 restart 0 step 3937
best 21156 restart 0 step 3938
best 21155 restart 0 step 3940
best 21153 restart 0 step 3941
best 21149 restart 0 step 3943
best 21146 restart 0 step 3944
best 21137 restart 0 step 3947
best 21116 restart 0 step 3948
best 21109 restart 0 step 3949
best 21097 restart 0 step 3951
best 21084 restart 0 step 3955
best 21081 restart 0 step 3957
best 21080 restart 0 step 3962
best 21079 restart 0 step 3964
best 21065 restart 0 step 3968
best 21055 restart 0 step 3969
best 21052 restart 0 step 3970
best 21051 restart 0 step 3972
best 21048 restart 0 step 3975
best 21042 restart 0 step 3982
best 21025 restart 0 step 3983
best 21016 restart 0 step 3991
best 21012 restart 0 step 3995
best 21011 restart 0 step 3997
best 20997 restart 0 step 3999
best 20986 restart 0 step 4003
best 20984 restart 0 step 4004
best 20982 restart 0 step 4006
best 20962 restart 0 step 4007
best 20951 restart 0 step 4008
best 20929 restart 0 step 4010
best 20922 restart 0 step 4012
best 20916 restart 0 step 4014
best 20910 restart 0 step 4016
best 20907 restart 0 step 4017
best 20902 restart 0 step 4018
best 20882 restart 0 step 4021
best 20866 restart 0 step 4024
best 20856 restart 0 step 4030
best 20845 restart 0 step 4032
best 20839 restart 0 step 4034
best 20830 restart 0 step 4036
best 20822 restart 0 step 4037
best 20800 restart 0 step 4038
best 20794 restart 0 step 4039
best 20778 restart 0 step 4042
best 20756 restart 0 step 4047
best 20755 restart 0 step 4049
best 20752 restart 0 step 4051
best 20750 restart 0 step 4052
best 20716 restart 0 step 4053
best 20714 restart 0 step 4054
best 20712 restart 0 step 4057
best 20710 restart 0 step 4060
best 20696 restart 0 step 4061
best 20695 restart 0 step 4062
best 20690 restart 0 step 4065
best 20689 restart 0 step 4066
best 20683 restart 0 step 4067
best 20671 restart 0 step 4073
best 20670 restart 0 step 4076
best 20664 restart 0 step 4081
best 20661 restart 0 step 4085
best 20658 restart 0 step 4088
best 20655 restart 0 step 4096
best 20649 restart 0 step 4098
best 20644 restart 0 step 4099
best 20642 restart 0 step 4102
best 20639 restart 0 step 4103
best 20627 restart 0 step 4109
best 20620 restart 0 step 4111
best 20619 restart 0 step 4112
best 20615 restart 0 step 4115
best 20612 restart 0 step 4117
best 20609 restart 0 step 4118
best 20598 restart 0 step 4119
best 20597 restart 0 step 4120
best 20589 restart 0 step 4121
best 20584 restart 0 step 4123
best 20581 restart 0 step 4125
best 20570 restart 0 step 4126
best 20564 restart 0 step 4127
best 20562 restart 0 step 4130
best 20557 restart 0 step 4131
best 20556 restart 0 step 4140
best 20554 restart 0 step 4141
best 20545 restart 0 step 4142
best 20542 restart 0 step 4146
best 20535 restart 0 step 4148
best 20529 restart 0 step 4149
best 20524 restart 0 step 4150
best 20522 restart 0 step 4156
best 20515 restart 0 step 4159
best 20503 restart 0 step 4160
best 20500 restart 0 step 4162
best 20495 restart 0 step 4165
best 20490 restart 0 step 4168
best 20488 restart 0 step 4170
best 20457 restart 0 step 4173
best 20445 restart 0 step 4175
best 20443 restart 0 step 4177
best 20440 restart 0 step 4178
best 20428 restart 0 step 4179
best 20425 restart 0 step 4180
best 20424 restart 0 step 4182
best 20402 restart 0 step 4191
best 20397 restart 0 step 4192
best 20396 restart 0 step 4194
best 20387 restart 0 step 4196
best 20371 restart 0 step 4197
best 20368 restart 0 step 4198
best 20365 restart 0 step 4200
best 20356 restart 0 step 4201
best 20354 restart 0 step 4203
best 20339 restart 0 step 4204
best 20319 restart 0 step 4210
best 20315 restart 0 step 4211
best 20313 restart 0 step 4212
best 20306 restart 0 step 4214
best 20295 restart 0 step 4216
best 20293 restart 0 step 4219
best 20289 restart 0 step 4222
best 20281 restart 0 step 4224
best 20278 restart 0 step 4228
best 20276 restart 0 step 4231
best 20272 restart 0 step 4232
best 20262 restart 0 step 4233
best 20252 restart 0 step 4235
best 20228 restart 0 step 4238
best 20211 restart 0 step 4240
best 20198 restart 0 step 4243
best 20196 restart 0 step 4244
best 20195 restart 0 step 4246
best 20184 restart 0 step 4247
best 20183 restart 0 step 4248
best 20180 restart 0 step 4252
best 20162 restart 0 step 4256
best 20160 restart 0 step 4262
best 20156 restart 0 step 4263
best 20139 restart 0 step 4264
best 20134 restart 0 step 4265
best 20120 restart 0 step 4266
best 20118 restart 0 step 4267
best 20108 restart 0 step 4269
best 20106 restart 0 step 4274
best 20087 restart 0 step 4275
best 20086 restart 0 step 4276
best 20074 restart 0 step 4278
best 20063 restart 0 step 4281
best 20060 restart 0 step 4282
best 20056 restart 0 step 4283
best 20052 restart 0 step 4284
best 20044 restart 0 step 4288
best 20042 restart 0 step 4290
best 20041 restart 0 step 4292
best 20040 restart 0 step 4293
best 20038 restart 0 step 4294
best 20019 restart 0 step 4298
best 20013 restart 0 step 4299
best 20012 restart 0 step 4300
best 19994 restart 0 step 4320
best 19987 restart 0 step 4324
best 19983 restart 0 step 4325
best 19975 restart 0 step 4330
best 19970 restart 0 step 4331
best 19961 restart 0 step 4333
best 19958 restart 0 step 4342
best 19947 restart 0 step 4343
best 19942 restart 0 step 4345
best 19940 restart 0 step 4349
best 19938 restart 0 step 4351
best 19923 restart 0 step 4352
best 19921 restart 0 step 4353
best 19912 restart 0 step 4354
best 19908 restart 0 step 4358
best 19897 restart 0 step 4359
best 19886 restart 0 step 4361
best 19875 restart 0 step 4364
best 19858 restart 0 step 4368
best 19856 restart 0 step 4370
best 19835 restart 0 step 4374
best 19823 restart 0 step 4375
best 19817 restart 0 step 4376
best 19806 restart 0 step 4390
best 19788 restart 0 step 4392
best 19783 restart 0 step 4395
best 19766 restart 0 step 4397
best 19763 restart 0 step 4399
best 19750 restart 0 step 4401
best 19723 restart 0 step 4405
best 19716 restart 0 step 4408
best 19715 restart 0 step 4419
best 19711 restart 0 step 4421
best 19703 restart 0 step 4424
best 19702 restart 0 step 4428
best 19696 restart 0 step 4429
best 19690 restart 0 step 4430
best 19682 restart 0 step 4431
best 19679 restart 0 step 4433
best 19677 restart 0 step 4435
best 19676 restart 0 step 4436
best 19674 restart 0 step 4438
best 19667 restart 0 step 4439
best 19662 restart 0 step 4441
best 19656 restart 0 step 4443
best 19648 restart 0 step 4444
best 19645 restart 0 step 4445
best 19640 restart 0 step 4450
best 19624 restart 0 step 4452
best 19618 restart 0 step 4453
best 19612 restart 0 step 4455
best 19604 restart 0 step 4456
best 19600 restart 0 step 4457
best 19581 restart 0 step 4460
best 19569 restart 0 step 4461
best 19560 restart 0 step 4463
best 19553 restart 0 step 4464
best 19552 restart 0 step 4466
best 19536 restart 0 step 4467
best 19532 restart 0 step 4468
best 19527 restart 0 step 4470
best 19522 restart 0 step 4472
best 19506 restart 0 step 4473
best 19504 restart 0 step 4474
best 19499 restart 0 step 4478
best 19496 restart 0 step 4482
best 19475 restart 0 step 4485
best 19466 restart 0 step 4490
best 19462 restart 0 step 4495
best 19461 restart 0 step 4496
best 19455 restart 0 step 4498
best 19451 restart 0 step 4502
best 19442 restart 0 step 4505
best 19431 restart 0 step 4506
best 19426 restart 0 step 4508
best 19419 restart 0 step 4512
best 19417 restart 0 step 4516
best 19404 restart 0 step 4517
best 19399 restart 0 step 4518
best 19388 restart 0 step 4519
best 19382 restart 0 step 4521
best 19379 restart 0 step 4523
best 19349 restart 0 step 4525
best 19348 restart 0 step 4526
best 19341 restart 0 step 4527
best 19335 restart 0 step 4533
best 19333 restart 0 step 4534
best 19329 restart 0 step 4535
best 19317 restart 0 step 4537
best 19311 restart 0 step 4538
best 19306 restart 0 step 4539
best 19301 restart 0 step 4540
best 19300 restart 0 step 4542
best 19287 restart 0 step 4544
best 19276 restart 0 step 4547
best 19275 restart 0 step 4548
best 19270 restart 0 step 4549
best 19267 restart 0 step 4551
best 19266 restart 0 step 4552
best 19261 restart 0 step 4554
best 19254 restart 0 step 4560
best 19228 restart 0 step 4563
best 19221 restart 0 step 4564
best 19220 restart 0 step 4566
best 19203 restart 0 step 4568
best 19196 restart 0 step 4570
best 19175 restart 0 step 4571
best 19174 restart 0 step 4572
best 19173 restart 0 step 4573
best 19172 restart 0 step 4574
best 19169 restart 0 step 4579
best 19168 restart 0 step 4584
best 19148 restart 0 step 4586
best 19143 restart 0 step 4587
best 19140 restart 0 step 4588
best 19134 restart 0 step 4589
best 19114 restart 0 step 4591
best 19111 restart 0 step 4592
best 19100 restart 0 step 4593
best 19081 restart 0 step 4594
best 19076 restart 0 step 4595
best 19074 restart 0 step 4596
best 19064 restart 0 step 4597
best 19061 restart 0 step 4598
best 19039 restart 0 step 4614
best 19031 restart 0 step 4616
best 19028 restart 0 step 4617
best 19024 restart 0 step 4618
best 19016 restart 0 step 4620
best 19013 restart 0 step 4621
best 19003 restart 0 step 4622
best 18982 restart 0 step 4624
best 18978 restart 0 step 4625
best 18955 restart 0 step 4626
best 18933 restart 0 step 4627
best 18928 restart 0 step 4629
best 18921 restart 0 step 4630
best 18918 restart 0 step 4631
best 18914 restart 0 step 4632
best 18905 restart 0 step 4633
best 18900 restart 0 step 4634
best 18899 restart 0 step 4635
best 18889 restart 0 step 4637
best 18888 restart 0 step 4641
best 18887 restart 0 step 4642
best 18885 restart 0 step 4645
best 18873 restart 0 step 4648
best 18870 restart 0 step 4651
best 18869 restart 0 step 4655
best 18864 restart 0 step 4657
best 18855 restart 0 step 4658
best 18843 restart 0 step 4659
best 18810 restart 0 step 4661
best 18809 restart 0 step 4662
best 18796 restart 0 step 4663
best 18794 restart 0 step 4668
best 18775 restart 0 step 4669
best 18771 restart 0 step 4670
best 18764 restart 0 step 4673
best 18763 restart 0 step 4675
best 18748 restart 0 step 4676
best 18735 restart 0 step 4678
best 18724 restart 0 step 4679
best 18723 restart 0 step 4681
best 18720 restart 0 step 4682
best 18719 restart 0 step 4683
best 18696 restart 0 step 4687
best 18677 restart 0 step 4690
best 18666 restart 0 step 4691
best 18652 restart 0 step 4692
best 18625 restart 0 step 4693
best 18604 restart 0 step 4696
best 18601 restart 0 step 4698
best 18574 restart 0 step 4699
best 18568 restart 0 step 4704
best 18546 restart 0 step 4706
best 18526 restart 0 step 4707
best 18525 restart 0 step 4708
best 18506 restart 0 step 4709
best 18485 restart 0 step 4720
best 18476 restart 0 step 4721
best 18473 restart 0 step 4722
best 18471 restart 0 step 4723
best 18451 restart 0 step 4724
best 18441 restart 0 step 4725
best 18435 restart 0 step 4726
best 18428 restart 0 step 4728
best 18419 restart 0 step 4730
best 18417 restart 0 step 4731
best 18416 restart 0 step 4733
best 18412 restart 0 step 4734
best 18410 restart 0 step 4735
best 18409 restart 0 step 4743
best 18404 restart 0 step 4745
best 18374 restart 0 step 4746
best 18368 restart 0 step 4747
best 18345 restart 0 step 4748
best 18336 restart 0 step 4749
best 18325 restart 0 step 4750
best 18318 restart 0 step 4751
best 18305 restart 0 step 4753
best 18281 restart 0 step 4757
best 18272 restart 0 step 4760
best 18257 restart 0 step 4762
best 18250 restart 0 step 4763
best 18222 restart 0 step 4766
best 18213 restart 0 step 4767
best 18172 restart 0 step 4768
best 18169 restart 0 step 4769
best 18159 restart 0 step 4770
best 18156 restart 0 step 4771
best 18117 restart 0 step 4772
best 18110 restart 0 step 4773
best 18105 restart 0 step 4774
best 18103 restart 0 step 4776
best 18097 restart 0 step 4777
best 18064 restart 0 step 4779
best 18043 restart 0 step 4780
best 18034 restart 0 step 4788
best 18033 restart 0 step 4790
best 18024 restart 0 step 4792
best 18018 restart 0 step 4794
best 18014 restart 0 step 4797
best 18007 restart 0 step 4798
best 17998 restart 0 step 4800
best 17974 restart 0 step 4801
best 17963 restart 0 step 4802
best 17961 restart 0 step 4804
best 17951 restart 0 step 4806
best 17949 restart 0 step 4807
best 17948 restart 0 step 4808
best 17933 restart 0 step 4810
best 17930 restart 0 step 4811
best 17920 restart 0 step 4812
best 17915 restart 0 step 4818
best 17900 restart 0 step 4819
best 17897 restart 0 step 4824
best 17896 restart 0 step 4826
best 17887 restart 0 step 4827
best 17882 restart 0 step 4828
best 17872 restart 0 step 4829
best 17871 restart 0 step 4832
best 17870 restart 0 step 4835
best 17859 restart 0 step 4836
best 17842 restart 0 step 4838
best 17809 restart 0 step 4839
best 17795 restart 0 step 4842
best 17786 restart 0 step 4845
best 17780 restart 0 step 4846
best 17779 restart 0 step 4849
best 17766 restart 0 step 4850
best 17758 restart 0 step 4851
best 17751 restart 0 step 4852
best 17745 restart 0 step 4857
best 17735 restart 0 step 4858
best 17724 restart 0 step 4861
best 17721 restart 0 step 4863
best 17718 restart 0 step 4864
best 17707 restart 0 step 4866
best 17701 restart 0 step 4871
best 17686 restart 0 step 4872
best 17682 restart 0 step 4875
best 17679 restart 0 step 4878
best 17674 restart 0 step 4881
best 17664 restart 0 step 4882
best 17660 restart 0 step 4885
best 17659 restart 0 step 4886
best 17650 restart 0 step 4893
best 17641 restart 0 step 4894
best 17635 restart 0 step 4895
best 17634 restart 0 step 4898
best 17633 restart 0 step 4899
best 17629 restart 0 step 4900
best 17625 restart 0 step 4901
best 17618 restart 0 step 4902
best 17615 restart 0 step 4904
best 17614 restart 0 step 4907
best 17605 restart 0 step 4908
best 17601 restart 0 step 4912
best 17580 restart 0 step 4916
best 17577 restart 0 step 4919
best 17567 restart 0 step 4920
best 17549 restart 0 step 4922
best 17548 restart 0 step 4926
best 17542 restart 0 step 4928
best 17520 restart 0 step 4930
best 17508 restart 0 step 4931
best 17504 restart 0 step 4932
best 17499 restart 0 step 4933
best 17497 restart 0 step 4934
best 17451 restart 0 step 4938
best 17450 restart 0 step 4939
best 17442 restart 0 step 4940
best 17425 restart 0 step 4941
best 17420 restart 0 step 4942
best 17413 restart 0 step 4943
best 17410 restart 0 step 4944
best 17409 restart 0 step 4945
best 17405 restart 0 step 4946
best 17404 restart 0 step 4950
best 17396 restart 0 step 4951
best 17389 restart 0 step 4952
best 17384 restart 0 step 4953
best 17382 restart 0 step 4954
best 17348 restart 0 step 4956
best 17325 restart 0 step 4957
best 17324 restart 0 step 4958
best 17319 restart 0 step 4959
best 17314 restart 0 step 4962
best 17313 restart 0 step 4965
best 17309 restart 0 step 4966
best 17294 restart 0 step 4967
best 17268 restart 0 step 4971
best 17240 restart 0 step 4974
best 17226 restart 0 step 4976
best 17222 restart 0 step 4977
best 17214 restart 0 step 4978
best 17209 restart 0 step 4979
best 17206 restart 0 step 4985
best 17200 restart 0 step 4986
best 17165 restart 0 step 4987
best 17162 restart 0 step 4988
best 17154 restart 0 step 4994
best 17147 restart 0 step 4997
best 17131 restart 0 step 4998
best 17121 restart 0 step 5000
best 17118 restart 0 step 5002
best 17116 restart 0 step 5006
best 17104 restart 0 step 5007
best 17092 restart 0 step 5009
best 17091 restart 0 step 5012
best 17084 restart 0 step 5013
best 17079 restart 0 step 5014
best 17069 restart 0 step 5015
best 17068 restart 0 step 5019
best 17052 restart 0 step 5021
best 17042 restart 0 step 5022
best 17041 restart 0 step 5024
best 17038 restart 0 step 5026
best 17031 restart 0 step 5027
best 17024 restart 0 step 5028
best 17013 restart 0 step 5029
best 17005 restart 0 step 5030
best 16996 restart 0 step 5031
best 16994 restart 0 step 5034
best 16968 restart 0 step 5035
best 16962 restart 0 step 5036
best 16958 restart 0 step 5037
best 16955 restart 0 step 5038
best 16952 restart 0 step 5040
best 16944 restart 0 step 5041
best 16942 restart 0 step 5042
best 16935 restart 0 step 5043
best 16916 restart 0 step 5046
best 16911 restart 0 step 5047
best 16910 restart 0 step 5048
best 16902 restart 0 step 5050
best 16895 restart 0 step 5052
best 16893 restart 0 step 5063
best 16891 restart 0 step 5065
best 16889 restart 0 step 5066
best 16888 restart 0 step 5068
best 16885 restart 0 step 5070
best 16884 restart 0 step 5072
best 16872 restart 0 step 5073
best 16869 restart 0 step 5076
best 16868 restart 0 step 5077
best 16864 restart 0 step 5078
best 16833 restart 0 step 5080
best 16801 restart 0 step 5081
best 16783 restart 0 step 5083
best 16777 restart 0 step 5084
best 16774 restart 0 step 5096
best 16764 restart 0 step 5098
best 16758 restart 0 step 5100
best 16733 restart 0 step 5101
best 16718 restart 0 step 5102
best 16714 restart 0 step 5103
best 16702 restart 0 step 5110
best 16684 restart 0 step 5111
best 16680 restart 0 step 5113
best 16675 restart 0 step 5116
best 16673 restart 0 step 5117
best 16658 restart 0 step 5118
best 16655 restart 0 step 5121
best 16654 restart 0 step 5123
best 16653 restart 0 step 5127
best 16645 restart 0 step 5129
best 16644 restart 0 step 5130
best 16641 restart 0 step 5131
best 16631 restart 0 step 5133
best 16628 restart 0 step 5134
best 16624 restart 0 step 5136
best 16615 restart 0 step 5138
best 16589 restart 0 step 5142
best 16582 restart 0 step 5143
best 16581 restart 0 step 5145
best 16573 restart 0 step 5148
best 16554 restart 0 step 5149
best 16515 restart 0 step 5151
best 16507 restart 0 step 5153
best 16499 restart 0 step 5154
best 16492 restart 0 step 5155
best 16491 restart 0 step 5156
best 16482 restart 0 step 5158
best 16477 restart 0 step 5159
best 16475 restart 0 step 5161
best 16452 restart 0 step 5164
best 16447 restart 0 step 5168
best 16445 restart 0 step 5170
best 16438 restart 0 step 5172
best 16419 restart 0 step 5175
best 16416 restart 0 step 5176
best 16411 restart 0 step 5178
best 16403 restart 0 step 5180
best 16338 restart 0 step 5181
best 16335 restart 0 step 5184
best 16319 restart 0 step 5186
best 16316 restart 0 step 5188
best 16309 restart 0 step 5189
best 16305 restart 0 step 5190
best 16299 restart 0 step 5200
best 16270 restart 0 step 5203
best 16260 restart 0 step 5204
best 16227 restart 0 step 5206
best 16226 restart 0 step 5207
best 16225 restart 0 step 5208
best 16176 restart 0 step 5209
best 16168 restart 0 step 5211
best 16166 restart 0 step 5212
best 16163 restart 0 step 5213
best 16156 restart 0 step 5214
best 16121 restart 0 step 5216
best 16114 restart 0 step 5218
best 16110 restart 0 step 5219
best 16109 restart 0 step 5220
best 16093 restart 0 step 5222
best 16087 restart 0 step 5223
best 16074 restart 0 step 5225
best 16019 restart 0 step 5226
best 16013 restart 0 step 5227
best 16000 restart 0 step 5228
best 15987 restart 0 step 5229
best 15964 restart 0 step 5232
best 15947 restart 0 step 5233
best 15944 restart 0 step 5234
best 15938 restart 0 step 5235
best 15921 restart 0 step 5237
best 15919 restart 0 step 5238
best 15918 restart 0 step 5239
best 15916 restart 0 step 5240
best 15898 restart 0 step 5246
best 15897 restart 0 step 5248
best 15888 restart 0 step 5249
best 15887 restart 0 step 5250
best 15885 restart 0 step 5253
best 15875 restart 0 step 5255
best 15866 restart 0 step 5258
best 15865 restart 0 step 5259
best 15849 restart 0 step 5261
best 15825 restart 0 step 5263
best 15821 restart 0 step 5264
best 15815 restart 0 step 5265
best 15803 restart 0 step 5284
best 15797 restart 0 step 5285
best 15792 restart 0 step 5286
best 15788 restart 0 step 5287
best 15786 restart 0 step 5288
best 15778 restart 0 step 5290
best 15771 restart 0 step 5291
best 15765 restart 0 step 5300
best 15758 restart 0 step 5307
best 15747 restart 0 step 5308
best 15742 restart 0 step 5309
best 15739 restart 0 step 5314
best 15737 restart 0 step 5315
best 15711 restart 0 step 5317
best 15702 restart 0 step 5320
best 15695 restart 0 step 5321
best 15670 restart 0 step 5322
best 15665 restart 0 step 5323
best 15657 restart 0 step 5324
best 15643 restart 0 step 5325
best 15642 restart 0 step 5330
best 15637 restart 0 step 5331
best 15634 restart 0 step 5332
best 15602 restart 0 step 5333
best 15596 restart 0 step 5336
best 15588 restart 0 step 5337
best 15560 restart 0 step 5340
best 15557 restart 0 step 5341
best 15492 restart 0 step 5343
best 15490 restart 0 step 5344
best 15487 restart 0 step 5349
best 15475 restart 0 step 5350
best 15470 restart 0 step 5351
best 15469 restart 0 step 5355
best 15449 restart 0 step 5358
best 15428 restart 0 step 5360
best 15419 restart 0 step 5361
best 15415 restart 0 step 5363
best 15410 restart 0 step 5364
best 15409 restart 0 step 5366
best 15391 restart 0 step 5367
best 15352 restart 0 step 5369
best 15346 restart 0 step 5370
best 15340 restart 0 step 5377
best 15333 restart 0 step 5378
best 15327 restart 0 step 5379
best 15309 restart 0 step 5382
best 15297 restart 0 step 5384
best 15295 restart 0 step 5385
best 15292 restart 0 step 5386
best 15290 restart 0 step 5392
best 15286 restart 0 step 5394
best 15282 restart 0 step 5396
best 15277 restart 0 step 5397
best 15269 restart 0 step 5398
best 15264 restart 0 step 5400
best 15263 restart 0 step 5401
best 15261 restart 0 step 5402
best 15245 restart 0 step 5407
best 15240 restart 0 step 5408
best 15238 restart 0 step 5410
best 15195 restart 0 step 5411
best 15142 restart 0 step 5413
best 15125 restart 0 step 5414
best 15112 restart 0 step 5415
best 15108 restart 0 step 5418
best 15099 restart 0 step 5420
best 15098 restart 0 step 5423
best 15057 restart 0 step 5427
best 15046 restart 0 step 5428
best 14991 restart 0 step 5429
best 14988 restart 0 step 5430
best 14986 restart 0 step 5433
best 14971 restart 0 step 5434
best 14970 restart 0 step 5435
best 14968 restart 0 step 5436
best 14945 restart 0 step 5437
best 14944 restart 0 step 5438
best 14943 restart 0 step 5439
best 14935 restart 0 step 5440
best 14929 restart 0 step 5441
best 14915 restart 0 step 5444
best 14907 restart 0 step 5446
best 14906 restart 0 step 5451
best 14903 restart 0 step 5455
best 14899 restart 0 step 5456
best 14896 restart 0 step 5458
best 14894 restart 0 step 5459
best 14881 restart 0 step 5463
best 14865 restart 0 step 5464
best 14863 restart 0 step 5465
best 14859 restart 0 step 5466
best 14849 restart 0 step 5467
best 14847 restart 0 step 5469
best 14826 restart 0 step 5471
best 14823 restart 0 step 5473
best 14816 restart 0 step 5474
best 14813 restart 0 step 5476
best 14808 restart 0 step 5479
best 14805 restart 0 step 5480
best 14796 restart 0 step 5482
best 14784 restart 0 step 5484
best 14778 restart 0 step 5485
best 14756 restart 0 step 5486
best 14754 restart 0 step 5487
best 14689 restart 0 step 5489
best 14686 restart 0 step 5490
best 14684 restart 0 step 5491
best 14664 restart 0 step 5493
best 14644 restart 0 step 5494
best 14616 restart 0 step 5497
best 14614 restart 0 step 5501
best 14604 restart 0 step 5505
best 14587 restart 0 step 5506
best 14583 restart 0 step 5507
best 14573 restart 0 step 5508
best 14567 restart 0 step 5509
best 14552 restart 0 step 5510
best 14524 restart 0 step 5512
best 14517 restart 0 step 5513
best 14509 restart 0 step 5514
best 14469 restart 0 step 5515
best 14439 restart 0 step 5516
best 14413 restart 0 step 5517
best 14411 restart 0 step 5519
best 14390 restart 0 step 5522
best 14383 restart 0 step 5523
best 14380 restart 0 step 5524
best 14379 restart 0 step 5526
best 14360 restart 0 step 5539
best 14358 restart 0 step 5540
best 14344 restart 0 step 5541
best 14339 restart 0 step 5542
best 14322 restart 0 step 5543
best 14317 restart 0 step 5547
best 14313 restart 0 step 5549
best 14309 restart 0 step 5552
best 14292 restart 0 step 5553
best 14283 restart 0 step 5554
best 14279 restart 0 step 5555
best 14275 restart 0 step 5556
best 14261 restart 0 step 5557
best 14247 restart 0 step 5558
best 14242 restart 0 step 5560
best 14231 restart 0 step 5563
best 14196 restart 0 step 5566
best 14194 restart 0 step 5568
best 14180 restart 0 step 5569
best 14177 restart 0 step 5570
best 14135 restart 0 step 5575
best 14129 restart 0 step 5576
best 14089 restart 0 step 5577
best 14083 restart 0 step 5579
best 14078 restart 0 step 5580
best 14077 restart 0 step 5581
best 14056 restart 0 step 5583
best 14050 restart 0 step 5585
best 14049 restart 0 step 5589
best 14023 restart 0 step 5591
best 14011 restart 0 step 5592
best 14003 restart 0 step 5593
best 13997 restart 0 step 5594
best 13991 restart 0 step 5595
best 13969 restart 0 step 5596
best 13964 restart 0 step 5602
best 13916 restart 0 step 5604
best 13915 restart 0 step 5605
best 13856 restart 0 step 5606
best 13853 restart 0 step 5607
best 13852 restart 0 step 5608
best 13850 restart 0 step 5609
best 13779 restart 0 step 5611
best 13772 restart 0 step 5612
best 13768 restart 0 step 5613
best 13755 restart 0 step 5614
best 13752 restart 0 step 5617
best 13745 restart 0 step 5618
best 13743 restart 0 step 5619
best 13724 restart 0 step 5620
best 13718 restart 0 step 5624
best 13713 restart 0 step 5625
best 13705 restart 0 step 5627
best 13699 restart 0 step 5628
best 13696 restart 0 step 5629
best 13684 restart 0 step 5630
best 13658 restart 0 step 5631
best 13651 restart 0 step 5634
best 13644 restart 0 step 5647
best 13635 restart 0 step 5648
best 13629 restart 0 step 5650
best 13626 restart 0 step 5651
best 13624 restart 0 step 5656
best 13622 restart 0 step 5657
best 13617 restart 0 step 5658
best 13606 restart 0 step 5660
best 13548 restart 0 step 5663
best 13543 restart 0 step 5664
best 13539 restart 0 step 5665
best 13519 restart 0 step 5666
best 13489 restart 0 step 5667
best 13419 restart 0 step 5668
best 13416 restart 0 step 5669
best 13399 restart 0 step 5671
best 13397 restart 0 step 5672
best 13377 restart 0 step 5674
best 13353 restart 0 step 5676
best 13333 restart 0 step 5677
best 13299 restart 0 step 5679
best 13298 restart 0 step 5680
best 13280 restart 0 step 5681
best 13275 restart 0 step 5682
best 13272 restart 0 step 5685
best 13263 restart 0 step 5686
best 13256 restart 0 step 5688
best 13254 restart 0 step 5691
best 13249 restart 0 step 5692
best 13231 restart 0 step 5693
best 13218 restart 0 step 5698
best 13207 restart 0 step 5699
best 13194 restart 0 step 5700
best 13147 restart 0 step 5702
best 13146 restart 0 step 5703
best 13135 restart 0 step 5704
best 13123 restart 0 step 5705
best 13112 restart 0 step 5706
best 13099 restart 0 step 5707
best 13083 restart 0 step 5708
best 13082 restart 0 step 5709
best 13079 restart 0 step 5711
best 13076 restart 0 step 5712
best 13027 restart 0 step 5713
best 13024 restart 0 step 5714
best 13016 restart 0 step 5716
best 13014 restart 0 step 5717
best 12949 restart 0 step 5718
best 12942 restart 0 step 5721
best 12921 restart 0 step 5722
best 12914 restart 0 step 5724
best 12866 restart 0 step 5726
best 12839 restart 0 step 5731
best 12838 restart 0 step 5733
best 12833 restart 0 step 5734
best 12826 restart 0 step 5736
best 12805 restart 0 step 5737
best 12799 restart 0 step 5738
best 12781 restart 0 step 5739
best 12768 restart 0 step 5741
best 12758 restart 0 step 5744
best 12756 restart 0 step 5745
best 12747 restart 0 step 5748
best 12737 restart 0 step 5749
best 12726 restart 0 step 5750
best 12703 restart 0 step 5751
best 12702 restart 0 step 5752
best 12695 restart 0 step 5753
best 12692 restart 0 step 5755
best 12670 restart 0 step 5757
best 12644 restart 0 step 5759
best 12630 restart 0 step 5760
best 12629 restart 0 step 5761
best 12625 restart 0 step 5762
best 12611 restart 0 step 5763
best 12600 restart 0 step 5764
best 12590 restart 0 step 5767
best 12586 restart 0 step 5768
best 12580 restart 0 step 5785
best 12555 restart 0 step 5786
best 12495 restart 0 step 5787
best 12494 restart 0 step 5788
best 12486 restart 0 step 5790
best 12436 restart 0 step 5791
best 12405 restart 0 step 5792
best 12399 restart 0 step 5793
best 12393 restart 0 step 5794
best 12391 restart 0 step 5795
best 12390 restart 0 step 5796
best 12371 restart 0 step 5797
best 12366 restart 0 step 5799
best 12358 restart 0 step 5803
best 12349 restart 0 step 5805
best 12320 restart 0 step 5806
best 12316 restart 0 step 5807
best 12313 restart 0 step 5808
best 12311 restart 0 step 5809
best 12303 restart 0 step 5812
best 12273 restart 0 step 5813
best 12268 restart 0 step 5817
best 12263 restart 0 step 5818
best 12216 restart 0 step 5819
best 12208 restart 0 step 5820
best 12204 restart 0 step 5822
best 12203 restart 0 step 5824
best 12199 restart 0 step 5825
best 12198 restart 0 step 5827
best 12186 restart 0 step 5831
best 12184 restart 0 step 5832
best 12177 restart 0 step 5833
best 12169 restart 0 step 5834
best 12164 restart 0 step 5835
best 12160 restart 0 step 5837
best 12159 restart 0 step 5838
best 12157 restart 0 step 5839
best 12151 restart 0 step 5840
best 12099 restart 0 step 5841
best 12097 restart 0 step 5842
best 12092 restart 0 step 5843
best 12083 restart 0 step 5844
best 12070 restart 0 step 5845
best 12064 restart 0 step 5847
best 12058 restart 0 step 5848
best 12048 restart 0 step 5849
best 12038 restart 0 step 5850
best 12033 restart 0 step 5851
best 12031 restart 0 step 5853
best 11997 restart 0 step 5854
best 11995 restart 0 step 5856
best 11992 restart 0 step 5857
best 11926 restart 0 step 5858
best 11915 restart 0 step 5860
best 11894 restart 0 step 5862
best 11867 restart 0 step 5863
best 11788 restart 0 step 5864
best 11775 restart 0 step 5865
best 11770 restart 0 step 5866
best 11763 restart 0 step 5867
best 11749 restart 0 step 5873
best 11742 restart 0 step 5874
best 11740 restart 0 step 5875
best 11737 restart 0 step 5878
best 11729 restart 0 step 5879
best 11700 restart 0 step 5881
best 11696 restart 0 step 5885
best 11694 restart 0 step 5886
best 11691 restart 0 step 5887
best 11686 restart 0 step 5888
best 11680 restart 0 step 5889
best 11677 restart 0 step 5894
best 11674 restart 0 step 5896
best 11664 restart 0 step 5897
best 11651 restart 0 step 5898
best 11632 restart 0 step 5899
best 11605 restart 0 step 5901
best 11550 restart 0 step 5902
best 11548 restart 0 step 5903
best 11544 restart 0 step 5905
best 11533 restart 0 step 5906
best 11512 restart 0 step 5908
best 11504 restart 0 step 5910
best 11483 restart 0 step 5912
best 11428 restart 0 step 5916
best 11421 restart 0 step 5917
best 11420 restart 0 step 5918
best 11396 restart 0 step 5919
best 11393 restart 0 step 5921
best 11392 restart 0 step 5923
best 11315 restart 0 step 5926
best 11302 restart 0 step 5929
best 11286 restart 0 step 5932
best 11275 restart 0 step 5933
best 11266 restart 0 step 5934
best 11265 restart 0 step 5935
best 11189 restart 0 step 5936
best 11172 restart 0 step 5937
best 11168 restart 0 step 5938
best 11102 restart 0 step 5939
best 11081 restart 0 step 5940
best 11055 restart 0 step 5942
best 11042 restart 0 step 5945
best 11020 restart 0 step 5949
best 10966 restart 0 step 5953
best 10964 restart 0 step 5954
best 10960 restart 0 step 5955
best 10955 restart 0 step 5956
best 10954 restart 0 step 5957
best 10953 restart 0 step 5958
best 10939 restart 0 step 5961
best 10935 restart 0 step 5963
best 10912 restart 0 step 5966
best 10902 restart 0 step 5971
best 10895 restart 0 step 5975
best 10886 restart 0 step 5976
best 10876 restart 0 step 5978
best 10861 restart 0 step 5979
best 10857 restart 0 step 5980
best 10855 restart 0 step 5981
best 10836 restart 0 step 5983
best 10830 restart 0 step 5986
best 10756 restart 0 step 5987
best 10755 restart 0 step 5988
best 10754 restart 0 step 5989
best 10752 restart 0 step 5993
best 10740 restart 0 step 5994
best 10716 restart 0 step 5997
best 10715 restart 0 step 5998
best 10714 restart 0 step 6004
best 10678 restart 0 step 6005
best 10661 restart 0 step 6006
best 10634 restart 0 step 6010
best 10629 restart 0 step 6014
best 10622 restart 0 step 6016
best 10619 restart 0 step 6017
best 10613 restart 0 step 6018
best 10609 restart 0 step 6020
best 10596 restart 0 step 6021
best 10576 restart 0 step 6022
best 10559 restart 0 step 6024
best 10553 restart 0 step 6027
best 10552 restart 0 step 6028
best 10532 restart 0 step 6030
best 10524 restart 0 step 6031
best 10522 restart 0 step 6032
best 10518 restart 0 step 6033
best 10516 restart 0 step 6034
best 10508 restart 0 step 6036
best 10499 restart 0 step 6038
best 10493 restart 0 step 6039
best 10480 restart 0 step 6040
best 10444 restart 0 step 6042
best 10442 restart 0 step 6043
best 10361 restart 0 step 6045
best 10359 restart 0 step 6047
best 10354 restart 0 step 6049
best 10268 restart 0 step 6050
best 10264 restart 0 step 6051
best 10263 restart 0 step 6054
best 10262 restart 0 step 6055
best 10259 restart 0 step 6056
best 10254 restart 0 step 6063
best 10244 restart 0 step 6064
best 10225 restart 0 step 6065
best 10223 restart 0 step 6068
best 10204 restart 0 step 6069
best 10200 restart 0 step 6072
best 10199 restart 0 step 6073
best 10187 restart 0 step 6074
best 10182 restart 0 step 6076
best 10179 restart 0 step 6079
best 10170 restart 0 step 6080
best 10134 restart 0 step 6081
best 10133 restart 0 step 6082
best 10126 restart 0 step 6084
best 10099 restart 0 step 6085
best 10075 restart 0 step 6088
best 10068 restart 0 step 6089
best 10061 restart 0 step 6090
best 10058 restart 0 step 6092
best 10056 restart 0 step 6093
best 10053 restart 0 step 6094
best 10052 restart 0 step 6095
best 10027 restart 0 step 6096
best 9994 restart 0 step 6098
best 9979 restart 0 step 6099
best 9950 restart 0 step 6101
best 9906 restart 0 step 6102
best 9887 restart 0 step 6108
best 9841 restart 0 step 6109
best 9761 restart 0 step 6110
best 9758 restart 0 step 6112
best 9738 restart 0 step 6114
best 9709 restart 0 step 6115
best 9707 restart 0 step 6117
best 9705 restart 0 step 6122
best 9703 restart 0 step 6123
best 9688 restart 0 step 6125
best 9672 restart 0 step 6126
best 9662 restart 0 step 6127
best 9659 restart 0 step 6128
best 9620 restart 0 step 6130
best 9617 restart 0 step 6131
best 9602 restart 0 step 6132
best 9599 restart 0 step 6137
best 9598 restart 0 step 6138
best 9593 restart 0 step 6140
best 9585 restart 0 step 6145
best 9580 restart 0 step 6146
best 9578 restart 0 step 6163
best 9571 restart 0 step 6164
best 9569 restart 0 step 6165
best 9475 restart 0 step 6166
best 9463 restart 0 step 6167
best 9462 restart 0 step 6169
best 9452 restart 0 step 6170
best 9439 restart 0 step 6171
best 9403 restart 0 step 6172
best 9402 restart 0 step 6174
best 9398 restart 0 step 6176
best 9390 restart 0 step 6177
best 9381 restart 0 step 6179
best 9377 restart 0 step 6182
best 9373 restart 0 step 6183
best 9369 restart 0 step 6186
best 9368 restart 0 step 6187
best 9360 restart 0 step 6188
best 9348 restart 0 step 6190
best 9342 restart 0 step 6191
best 9296 restart 0 step 6192
best 9283 restart 0 step 6193
best 9268 restart 0 step 6194
best 9222 restart 0 step 6195
best 9199 restart 0 step 6196
best 9197 restart 0 step 6198
best 9190 restart 0 step 6199
best 9180 restart 0 step 6200
best 9166 restart 0 step 6201
best 9153 restart 0 step 6206
best 9150 restart 0 step 6214
best 9139 restart 0 step 6215
best 9107 restart 0 step 6216
best 9098 restart 0 step 6217
best 9096 restart 0 step 6218
best 9084 restart 0 step 6219
best 9041 restart 0 step 6220
best 9031 restart 0 step 6221
best 9027 restart 0 step 6222
best 9026 restart 0 step 6224
best 9023 restart 0 step 6225
best 9021 restart 0 step 6226
best 8987 restart 0 step 6227
best 8978 restart 0 step 6229
best 8974 restart 0 step 6231
best 8965 restart 0 step 6233
best 8945 restart 0 step 6236
best 8913 restart 0 step 6237
best 8911 restart 0 step 6238
best 8908 restart 0 step 6239
best 8903 restart 0 step 6240
best 8869 restart 0 step 6241
best 8841 restart 0 step 6242
best 8840 restart 0 step 6243
best 8834 restart 0 step 6244
best 8808 restart 0 step 6245
best 8804 restart 0 step 6251
best 8778 restart 0 step 6252
best 8769 restart 0 step 6257
best 8749 restart 0 step 6258
best 8735 restart 0 step 6259
best 8724 restart 0 step 6260
best 8722 restart 0 step 6261
best 8716 restart 0 step 6264
best 8620 restart 0 step 6267
best 8613 restart 0 step 6270
best 8606 restart 0 step 6271
best 8588 restart 0 step 6272
best 8579 restart 0 step 6273
best 8574 restart 0 step 6274
best 8457 restart 0 step 6275
best 8453 restart 0 step 6277
best 8449 restart 0 step 6278
best 8439 restart 0 step 6279
best 8415 restart 0 step 6281
best 8414 restart 0 step 6282
best 8408 restart 0 step 6284
best 8406 restart 0 step 6285
best 8402 restart 0 step 6286
best 8398 restart 0 step 6287
best 8387 restart 0 step 6288
best 8368 restart 0 step 6289
best 8337 restart 0 step 6290
best 8328 restart 0 step 6292
best 8321 restart 0 step 6293
best 8314 restart 0 step 6294
best 8312 restart 0 step 6296
best 8291 restart 0 step 6297
best 8288 restart 0 step 6299
best 8261 restart 0 step 6301
best 8247 restart 0 step 6303
best 8244 restart 0 step 6304
best 8220 restart 0 step 6305
best 8216 restart 0 step 6306
best 8201 restart 0 step 6307
best 8194 restart 0 step 6308
best 8191 restart 0 step 6309
best 8189 restart 0 step 6310
best 8184 restart 0 step 6312
best 8168 restart 0 step 6313
best 8157 restart 0 step 6314
best 8153 restart 0 step 6315
best 8146 restart 0 step 6317
best 8145 restart 0 step 6318
best 8143 restart 0 step 6319
best 8128 restart 0 step 6321
best 8120 restart 0 step 6322
best 8117 restart 0 step 6325
best 8102 restart 0 step 6326
best 8097 restart 0 step 6336
best 8085 restart 0 step 6337
best 8049 restart 0 step 6341
best 8048 restart 0 step 6342
best 8032 restart 0 step 6343
best 7987 restart 0 step 6346
best 7978 restart 0 step 6347
best 7963 restart 0 step 6349
best 7932 restart 0 step 6350
best 7908 restart 0 step 6351
best 7807 restart 0 step 6352
best 7756 restart 0 step 6353
best 7742 restart 0 step 6354
best 7740 restart 0 step 6355
best 7735 restart 0 step 6356
best 7732 restart 0 step 6357
best 7727 restart 0 step 6358
best 7685 restart 0 step 6360
best 7654 restart 0 step 6361
best 7653 restart 0 step 6362
best 7651 restart 0 step 6363
best 7644 restart 0 step 6364
best 7643 restart 0 step 6365
best 7623 restart 0 step 6366
best 7609 restart 0 step 6368
best 7587 restart 0 step 6370
best 7581 restart 0 step 6371
best 7555 restart 0 step 6372
best 7530 restart 0 step 6376
best 7522 restart 0 step 6377
best 7518 restart 0 step 6384
best 7514 restart 0 step 6385
best 7491 restart 0 step 6389
best 7486 restart 0 step 6390
best 7485 restart 0 step 6391
best 7478 restart 0 step 6393
best 7469 restart 0 step 6394
best 7466 restart 0 step 6395
best 7460 restart 0 step 6398
best 7455 restart 0 step 6399
best 7448 restart 0 step 6400
best 7447 restart 0 step 6401
best 7445 restart 0 step 6402
best 7439 restart 0 step 6403
best 7434 restart 0 step 6404
best 7429 restart 0 step 6405
best 7420 restart 0 step 6406
best 7418 restart 0 step 6407
best 7403 restart 0 step 6409
best 7397 restart 0 step 6411
best 7393 restart 0 step 6412
best 7359 restart 0 step 6413
best 7336 restart 0 step 6415
best 7312 restart 0 step 6416
best 7292 restart 0 step 6420
best 7282 restart 0 step 6421
best 7276 restart 0 step 6422
best 7272 restart 0 step 6423
best 7238 restart 0 step 6424
best 7231 restart 0 step 6426
best 7222 restart 0 step 6427
best 7218 restart 0 step 6428
best 7217 restart 0 step 6429
best 7216 restart 0 step 6430
best 7213 restart 0 step 6431
best 7198 restart 0 step 6433
best 7190 restart 0 step 6436
best 7189 restart 0 step 6437
best 7180 restart 0 step 6439
best 7156 restart 0 step 6440
best 7152 restart 0 step 6441
best 7150 restart 0 step 6444
best 7144 restart 0 step 6445
best 7137 restart 0 step 6447
best 7136 restart 0 step 6448
best 7131 restart 0 step 6449
best 7128 restart 0 step 6450
best 7126 restart 0 step 6451
best 7112 restart 0 step 6452
best 7106 restart 0 step 6453
best 7090 restart 0 step 6456
best 7087 restart 0 step 6457
best 7069 restart 0 step 6458
best 7064 restart 0 step 6461
best 7054 restart 0 step 6462
best 7052 restart 0 step 6463
best 7045 restart 0 step 6464
best 7044 restart 0 step 6465
best 7040 restart 0 step 6467
best 7038 restart 0 step 6469
best 7035 restart 0 step 6470
best 7034 restart 0 step 6472
best 7029 restart 0 step 6473
best 7028 restart 0 step 6474
best 6984 restart 0 step 6475
best 6975 restart 0 step 6476
best 6943 restart 0 step 6477
best 6942 restart 0 step 6478
best 6916 restart 0 step 6479
best 6915 restart 0 step 6480
best 6911 restart 0 step 6483
best 6907 restart 0 step 6484
best 6900 restart 0 step 6485
best 6899 restart 0 step 6487
best 6893 restart 0 step 6488
best 6888 restart 0 step 6489
best 6884 restart 0 step 6490
best 6875 restart 0 step 6492
best 6874 restart 0 step 6493
best 6747 restart 0 step 6494
best 6742 restart 0 step 6495
best 6736 restart 0 step 6496
best 6729 restart 0 step 6501
best 6710 restart 0 step 6503
best 6705 restart 0 step 6505
best 6703 restart 0 step 6506
best 6581 restart 0 step 6507
best 6573 restart 0 step 6508
best 6545 restart 0 step 6511
best 6537 restart 0 step 6512
best 6507 restart 0 step 6513
best 6496 restart 0 step 6514
best 6472 restart 0 step 6515
best 6465 restart 0 step 6517
best 6443 restart 0 step 6518
best 6442 restart 0 step 6520
best 6418 restart 0 step 6521
best 6415 restart 0 step 6522
best 6377 restart 0 step 6523
best 6368 restart 0 step 6524
best 6338 restart 0 step 6526
best 6336 restart 0 step 6528
best 6321 restart 0 step 6529
best 6204 restart 0 step 6530
best 6198 restart 0 step 6533
best 6197 restart 0 step 6535
best 6184 restart 0 step 6537
best 6178 restart 0 step 6539
best 6158 restart 0 step 6545
best 6141 restart 0 step 6546
best 6111 restart 0 step 6547
best 6076 restart 0 step 6552
best 6062 restart 0 step 6553
best 6057 restart 0 step 6555
best 6054 restart 0 step 6556
best 6030 restart 0 step 6557
best 6023 restart 0 step 6558
best 5956 restart 0 step 6559
best 5950 restart 0 step 6560
best 5949 restart 0 step 6564
best 5937 restart 0 step 6565
best 5933 restart 0 step 6566
best 5929 restart 0 step 6569
best 5925 restart 0 step 6571
best 5921 restart 0 step 6573
best 5913 restart 0 step 6577
best 5907 restart 0 step 6578
best 5902 restart 0 step 6579
best 5875 restart 0 step 6582
best 5866 restart 0 step 6583
best 5859 restart 0 step 6584
best 5853 restart 0 step 6585
best 5818 restart 0 step 6586
best 5817 restart 0 step 6587
best 5797 restart 0 step 6589
best 5794 restart 0 step 6590
best 5761 restart 0 step 6591
best 5755 restart 0 step 6592
best 5748 restart 0 step 6594
best 5741 restart 0 step 6595
best 5736 restart 0 step 6600
best 5732 restart 0 step 6601
best 5725 restart 0 step 6602
best 5721 restart 0 step 6603
best 5717 restart 0 step 6604
best 5706 restart 0 step 6605
best 5701 restart 0 step 6606
best 5694 restart 0 step 6607
best 5689 restart 0 step 6610
best 5682 restart 0 step 6611
best 5673 restart 0 step 6613
best 5663 restart 0 step 6614
best 5659 restart 0 step 6616
best 5656 restart 0 step 6617
best 5649 restart 0 step 6619
best 5641 restart 0 step 6621
best 5636 restart 0 step 6622
best 5628 restart 0 step 6623
best 5593 restart 0 step 6626
best 5587 restart 0 step 6627
best 5569 restart 0 step 6628
best 5566 restart 0 step 6629
best 5532 restart 0 step 6630
best 5521 restart 0 step 6631
best 5517 restart 0 step 6635
best 5515 restart 0 step 6636
best 5511 restart 0 step 6637
best 5493 restart 0 step 6642
best 5480 restart 0 step 6653
best 5476 restart 0 step 6654
best 5447 restart 0 step 6655
best 5440 restart 0 step 6657
best 5439 restart 0 step 6658
best 5433 restart 0 step 6659
best 5427 restart 0 step 6660
best 5426 restart 0 step 6661
best 5417 restart 0 step 6662
best 5414 restart 0 step 6663
best 5396 restart 0 step 6664
best 5392 restart 0 step 6665
best 5388 restart 0 step 6666
best 5387 restart 0 step 6667
best 5385 restart 0 step 6668
best 5375 restart 0 step 6669
best 5354 restart 0 step 6670
best 5353 restart 0 step 6672
best 5350 restart 0 step 6674
best 5339 restart 0 step 6675
best 5335 restart 0 step 6679
best 5324 restart 0 step 6680
best 5321 restart 0 step 6704
best 5318 restart 0 step 6710
best 5308 restart 0 step 6711
best 5307 restart 0 step 6715
best 5305 restart 0 step 6716
best 5285 restart 0 step 6717
best 5231 restart 0 step 6719
best 5229 restart 0 step 6721
best 5209 restart 0 step 6722
best 5206 restart 0 step 6723
best 5192 restart 0 step 6725
best 5158 restart 0 step 6726
best 5157 restart 0 step 6727
best 5154 restart 0 step 6728
best 5152 restart 0 step 6730
best 5000 restart 0 step 6731
best 4984 restart 0 step 6732
best 4975 restart 0 step 6735
best 4964 restart 0 step 6736
best 4928 restart 0 step 6739
best 4925 restart 0 step 6740
best 4923 restart 0 step 6741
best 4921 restart 0 step 6742
best 4918 restart 0 step 6743
best 4771 restart 0 step 6745
best 4765 restart 0 step 6748
best 4755 restart 0 step 6749
best 4747 restart 0 step 6751
best 4721 restart 0 step 6752
best 4715 restart 0 step 6757
best 4714 restart 0 step 6758
best 4711 restart 0 step 6759
best 4709 restart 0 step 6760
best 4703 restart 0 step 6761
best 4699 restart 0 step 6762
best 4696 restart 0 step 6763
best 4688 restart 0 step 6766
best 4666 restart 0 step 6767
best 4663 restart 0 step 6768
best 4657 restart 0 step 6769
best 4651 restart 0 step 6770
best 4647 restart 0 step 6771
best 4637 restart 0 step 6772
best 4603 restart 0 step 6773
best 4588 restart 0 step 6774
best 4586 restart 0 step 6775
best 4557 restart 0 step 6776
best 4528 restart 0 step 6777
best 4526 restart 0 step 6778
best 4524 restart 0 step 6779
best 4516 restart 0 step 6780
best 4514 restart 0 step 6781
best 4507 restart 0 step 6782
best 4504 restart 0 step 6783
best 4498 restart 0 step 6784
best 4493 restart 0 step 6785
best 4489 restart 0 step 6786
best 4486 restart 0 step 6787
best 4484 restart 0 step 6788
best 4482 restart 0 step 6789
best 4481 restart 0 step 6790
best 4479 restart 0 step 6791
best 4470 restart 0 step 6792
best 4464 restart 0 step 6793
best 4453 restart 0 step 6794
best 4449 restart 0 step 6795
best 4446 restart 0 step 6796
best 4439 restart 0 step 6797
best 4425 restart 0 step 6798
best 4415 restart 0 step 6799
best 4410 restart 0 step 6800
best 4404 restart 0 step 6801
best 4402 restart 0 step 6802
best 4397 restart 0 step 6803
best 4393 restart 0 step 6804
best 4389 restart 0 step 6806
best 4387 restart 0 step 6807
best 4382 restart 0 step 6808
best 4380 restart 0 step 6809
best 4375 restart 0 step 6810
best 4343 restart 0 step 6811
best 4338 restart 0 step 6812
best 4314 restart 0 step 6814
best 4306 restart 0 step 6818
best 4305 restart 0 step 6820
best 4272 restart 0 step 6823
best 4269 restart 0 step 6827
best 4216 restart 0 step 6828
best 4212 restart 0 step 6833
best 4207 restart 0 step 6836
best 4161 restart 0 step 6838
best 4160 restart 0 step 6839
best 4157 restart 0 step 6840
best 4143 restart 0 step 6841
best 4140 restart 0 step 6842
best 4132 restart 0 step 6843
best 4129 restart 0 step 6844
best 4127 restart 0 step 6856
best 4124 restart 0 step 6860
best 4123 restart 0 step 6861
best 4119 restart 0 step 6863
best 4115 restart 0 step 6864
best 4110 restart 0 step 6865
best 4096 restart 0 step 6867
best 4094 restart 0 step 6868
best 4089 restart 0 step 6869
best 4082 restart 0 step 6870
best 4080 restart 0 step 6871
best 4075 restart 0 step 6872
best 4071 restart 0 step 6873
best 4068 restart 0 step 6874
best 4065 restart 0 step 6875
best 4051 restart 0 step 6877
best 4011 restart 0 step 6878
best 4010 restart 0 step 6880
best 4001 restart 0 step 6881
best 3993 restart 0 step 6882
best 3955 restart 0 step 6883
best 3953 restart 0 step 6884
best 3951 restart 0 step 6885
best 3941 restart 0 step 6886
best 3921 restart 0 step 6887
best 3918 restart 0 step 6889
best 3915 restart 0 step 6891
best 3906 restart 0 step 6892
best 3903 restart 0 step 6893
best 3899 restart 0 step 6906
best 3896 restart 0 step 6907
best 3894 restart 0 step 6908
best 3892 restart 0 step 6909
best 3891 restart 0 step 6910
best 3890 restart 0 step 6911
best 3888 restart 0 step 6912
best 3882 restart 0 step 6913
best 3876 restart 0 step 6914
best 3874 restart 0 step 6915
best 3867 restart 0 step 6916
best 3865 restart 0 step 6918
best 3856 restart 0 step 6920
best 3851 restart 0 step 6921
best 3842 restart 0 step 6923
best 3840 restart 0 step 6924
best 3816 restart 0 step 6925
best 3812 restart 0 step 6926
best 3811 restart 0 step 6927
best 3805 restart 0 step 6929
best 3796 restart 0 step 6930
best 3757 restart 0 step 6931
best 3753 restart 0 step 6932
best 3746 restart 0 step 6933
best 3741 restart 0 step 6935
best 3718 restart 0 step 6936
best 3716 restart 0 step 6937
best 3705 restart 0 step 6939
best 3674 restart 0 step 6941
best 3667 restart 0 step 6942
best 3663 restart 0 step 6943
best 3662 restart 0 step 6944
best 3657 restart 0 step 6945
best 3655 restart 0 step 6947
best 3654 restart 0 step 6949
best 3650 restart 0 step 6950
best 3628 restart 0 step 6951
best 3602 restart 0 step 6952
best 3556 restart 0 step 6953
best 3552 restart 0 step 6955
best 3551 restart 0 step 6956
best 3550 restart 0 step 6957
best 3523 restart 0 step 6959
best 3513 restart 0 step 6960
best 3498 restart 0 step 6961
best 3492 restart 0 step 6963
best 3491 restart 0 step 6964
best 3488 restart 0 step 6966
best 3484 restart 0 step 6968
best 3483 restart 0 step 6969
best 3479 restart 0 step 6970
best 3446 restart 0 step 6972
best 3442 restart 0 step 6973
best 3430 restart 0 step 6975
best 3426 restart 0 step 6976
best 3416 restart 0 step 6977
best 3404 restart 0 step 6978
best 3377 restart 0 step 6979
best 3370 restart 0 step 6981
best 3358 restart 0 step 6983
best 3354 restart 0 step 6984
best 3346 restart 0 step 6985
best 3326 restart 0 step 6988
best 3276 restart 0 step 6989
best 3233 restart 0 step 6991
best 3232 restart 0 step 6992
best 3211 restart 0 step 6993
best 3191 restart 0 step 6994
best 3184 restart 0 step 6995
best 3180 restart 0 step 6996
best 3165 restart 0 step 6997
best 3159 restart 0 step 6999
best 3151 restart 0 step 7001
best 3148 restart 0 step 7002
best 3137 restart 0 step 7004
best 3133 restart 0 step 7005
best 3131 restart 0 step 7007
best 3130 restart 0 step 7008
best 3126 restart 0 step 7009
best 3112 restart 0 step 7010
best 3111 restart 0 step 7011
best 3109 restart 0 step 7012
best 3098 restart 0 step 7013
best 3097 restart 0 step 7015
best 3069 restart 0 step 7016
best 3064 restart 0 step 7017
best 3061 restart 0 step 7018
best 3056 restart 0 step 7019
best 3052 restart 0 step 7020
best 3010 restart 0 step 7021
best 3007 restart 0 step 7024
best 3006 restart 0 step 7025
best 3005 restart 0 step 7026
best 3002 restart 0 step 7028
best 2999 restart 0 step 7029
best 2985 restart 0 step 7030
best 2977 restart 0 step 7031
best 2974 restart 0 step 7032
best 2972 restart 0 step 7033
best 2970 restart 0 step 7035
best 2962 restart 0 step 7036
best 2952 restart 0 step 7037
best 2950 restart 0 step 7038
best 2930 restart 0 step 7039
best 2927 restart 0 step 7042
best 2886 restart 0 step 7043
best 2882 restart 0 step 7045
best 2871 restart 0 step 7047
best 2868 restart 0 step 7049
best 2865 restart 0 step 7052
best 2863 restart 0 step 7053
best 2861 restart 0 step 7054
best 2856 restart 0 step 7057
best 2855 restart 0 step 7066
best 2853 restart 0 step 7067
best 2823 restart 0 step 7068
best 2820 restart 0 step 7069
best 2767 restart 0 step 7071
best 2765 restart 0 step 7072
best 2761 restart 0 step 7073
best 2749 restart 0 step 7074
best 2721 restart 0 step 7076
best 2699 restart 0 step 7077
best 2695 restart 0 step 7078
best 2689 restart 0 step 7079
best 2677 restart 0 step 7080
best 2675 restart 0 step 7081
best 2672 restart 0 step 7084
best 2649 restart 0 step 7085
best 2642 restart 0 step 7086
best 2619 restart 0 step 7087
best 2615 restart 0 step 7088
best 2613 restart 0 step 7089
best 2612 restart 0 step 7091
best 2610 restart 0 step 7092
best 2608 restart 0 step 7093
best 2602 restart 0 step 7094
best 2598 restart 0 step 7095
best 2573 restart 0 step 7098
best 2562 restart 0 step 7099
best 2554 restart 0 step 7100
best 2552 restart 0 step 7103
best 2548 restart 0 step 7104
best 2542 restart 0 step 7105
best 2518 restart 0 step 7106
best 2515 restart 0 step 7107
best 2510 restart 0 step 7108
best 2509 restart 0 step 7109
best 2508 restart 0 step 7110
best 2506 restart 0 step 7111
best 2505 restart 0 step 7112
best 2478 restart 0 step 7113
best 2476 restart 0 step 7115
best 2472 restart 0 step 7117
best 2465 restart 0 step 7118
best 2453 restart 0 step 7119
best 2452 restart 0 step 7120
best 2443 restart 0 step 7121
best 2439 restart 0 step 7127
best 2435 restart 0 step 7128
best 2413 restart 0 step 7129
best 2404 restart 0 step 7130
best 2399 restart 0 step 7131
best 2397 restart 0 step 7132
best 2395 restart 0 step 7133
best 2389 restart 0 step 7134
best 2385 restart 0 step 7135
best 2382 restart 0 step 7136
best 2378 restart 0 step 7137
best 2375 restart 0 step 7138
best 2356 restart 0 step 7139
best 2354 restart 0 step 7140
best 2352 restart 0 step 7141
best 2346 restart 0 step 7142
best 2345 restart 0 step 7144
best 2336 restart 0 step 7146
best 2330 restart 0 step 7147
best 2329 restart 0 step 7148
best 2313 restart 0 step 7149
best 2310 restart 0 step 7150
best 2308 restart 0 step 7151
best 2302 restart 0 step 7152
best 2298 restart 0 step 7153
best 2293 restart 0 step 7154
best 2285 restart 0 step 7155
best 2284 restart 0 step 7157
best 2283 restart 0 step 7159
best 2278 restart 0 step 7161
best 2277 restart 0 step 7162
best 2274 restart 0 step 7163
best 2261 restart 0 step 7165
best 2258 restart 0 step 7166
best 2255 restart 0 step 7169
best 2253 restart 0 step 7171
best 2252 restart 0 step 7174
best 2246 restart 0 step 7175
best 2243 restart 0 step 7177
best 2238 restart 0 step 7178
best 2226 restart 0 step 7179
best 2225 restart 0 step 7181
best 2220 restart 0 step 7182
best 2205 restart 0 step 7183
best 2194 restart 0 step 7184
best 2191 restart 0 step 7186
best 2188 restart 0 step 7187
best 2187 restart 0 step 7189
best 2174 restart 0 step 7190
best 2143 restart 0 step 7191
best 2135 restart 0 step 7194
best 2131 restart 0 step 7195
best 2129 restart 0 step 7196
best 2128 restart 0 step 7198
best 2127 restart 0 step 7199
best 2124 restart 0 step 7201
best 2119 restart 0 step 7202
best 2117 restart 0 step 7203
best 2114 restart 0 step 7205
best 2109 restart 0 step 7207
best 2108 restart 0 step 7209
best 2101 restart 0 step 7211
best 2099 restart 0 step 7212
best 2054 restart 0 step 7213
best 2021 restart 0 step 7214
best 2005 restart 0 step 7216
best 1994 restart 0 step 7217
best 1993 restart 0 step 7218
best 1992 restart 0 step 7219
best 1990 restart 0 step 7220
best 1987 restart 0 step 7224
best 1983 restart 0 step 7226
best 1974 restart 0 step 7227
best 1970 restart 0 step 7228
best 1959 restart 0 step 7229
best 1956 restart 0 step 7230
best 1951 restart 0 step 7233
best 1947 restart 0 step 7234
best 1944 restart 0 step 7236
best 1933 restart 0 step 7238
best 1929 restart 0 step 7239
best 1928 restart 0 step 7240
best 1927 restart 0 step 7242
best 1924 restart 0 step 7245
best 1901 restart 0 step 7247
best 1900 restart 0 step 7248
best 1898 restart 0 step 7249
best 1887 restart 0 step 7250
best 1871 restart 0 step 7251
best 1866 restart 0 step 7256
best 1861 restart 0 step 7257
best 1860 restart 0 step 7258
best 1821 restart 0 step 7261
best 1817 restart 0 step 7262
best 1810 restart 0 step 7264
best 1806 restart 0 step 7265
best 1805 restart 0 step 7267
best 1802 restart 0 step 7268
best 1800 restart 0 step 7269
best 1799 restart 0 step 7270
best 1798 restart 0 step 7271
best 1796 restart 0 step 7272
best 1795 restart 0 step 7273
best 1793 restart 0 step 7274
best 1789 restart 0 step 7275
best 1787 restart 0 step 7277
best 1785 restart 0 step 7278
best 1763 restart 0 step 7279
best 1758 restart 0 step 7280
best 1752 restart 0 step 7281
best 1745 restart 0 step 7283
best 1742 restart 0 step 7288
best 1740 restart 0 step 7289
best 1738 restart 0 step 7290
best 1735 restart 0 step 7291
best 1734 restart 0 step 7292
best 1732 restart 0 step 7293
best 1731 restart 0 step 7294
best 1729 restart 0 step 7295
best 1703 restart 0 step 7296
best 1702 restart 0 step 7298
best 1700 restart 0 step 7300
best 1687 restart 0 step 7301
best 1686 restart 0 step 7303
best 1684 restart 0 step 7304
best 1651 restart 0 step 7306
best 1634 restart 0 step 7307
best 1632 restart 0 step 7308
best 1628 restart 0 step 7309
best 1625 restart 0 step 7311
best 1623 restart 0 step 7312
best 1615 restart 0 step 7314
best 1597 restart 0 step 7315
best 1591 restart 0 step 7316
best 1587 restart 0 step 7318
best 1575 restart 0 step 7319
best 1567 restart 0 step 7321
best 1560 restart 0 step 7322
best 1558 restart 0 step 7323
best 1554 restart 0 step 7324
best 1548 restart 0 step 7325
best 1546 restart 0 step 7326
best 1544 restart 0 step 7328
best 1462 restart 0 step 7329
best 1459 restart 0 step 7330
best 1455 restart 0 step 7334
best 1452 restart 0 step 7336
best 1450 restart 0 step 7337
best 1447 restart 0 step 7338
best 1446 restart 0 step 7339
best 1445 restart 0 step 7340
best 1444 restart 0 step 7341
best 1426 restart 0 step 7342
best 1422 restart 0 step 7343
best 1416 restart 0 step 7344
best 1415 restart 0 step 7345
best 1413 restart 0 step 7348
best 1409 restart 0 step 7349
best 1405 restart 0 step 7350
best 1397 restart 0 step 7351
best 1396 restart 0 step 7352
best 1394 restart 0 step 7353
best 1393 restart 0 step 7356
best 1390 restart 0 step 7357
best 1373 restart 0 step 7359
best 1368 restart 0 step 7360
best 1362 restart 0 step 7361
best 1360 restart 0 step 7363
best 1355 restart 0 step 7364
best 1333 restart 0 step 7365
best 1308 restart 0 step 7366
best 1304 restart 0 step 7367
best 1300 restart 0 step 7368
best 1296 restart 0 step 7369
best 1293 restart 0 step 7370
best 1284 restart 0 step 7371
best 1282 restart 0 step 7372
best 1280 restart 0 step 7373
best 1278 restart 0 step 7374
best 1274 restart 0 step 7378
best 1268 restart 0 step 7379
best 1266 restart 0 step 7380
best 1263 restart 0 step 7381
best 1247 restart 0 step 7382
best 1246 restart 0 step 7383
best 1244 restart 0 step 7384
best 1243 restart 0 step 7385
best 1240 restart 0 step 7386
best 1238 restart 0 step 7387
best 1237 restart 0 step 7388
best 1235 restart 0 step 7389
best 1232 restart 0 step 7392
best 1231 restart 0 step 7393
best 1230 restart 0 step 7395
best 1228 restart 0 step 7396
best 1227 restart 0 step 7398
best 1220 restart 0 step 7400
best 1199 restart 0 step 7402
best 1196 restart 0 step 7403
best 1177 restart 0 step 7404
best 1175 restart 0 step 7406
best 1172 restart 0 step 7407
best 1169 restart 0 step 7408
best 1141 restart 0 step 7409
best 1140 restart 0 step 7410
best 1139 restart 0 step 7411
best 1119 restart 0 step 7412
best 1118 restart 0 step 7413
best 1115 restart 0 step 7414
best 1112 restart 0 step 7415
best 1110 restart 0 step 7416
best 1093 restart 0 step 7418
best 1092 restart 0 step 7419
best 1090 restart 0 step 7420
best 1074 restart 0 step 7421
best 1061 restart 0 step 7422
best 1060 restart 0 step 7424
best 1056 restart 0 step 7425
best 1053 restart 0 step 7426
best 1050 restart 0 step 7428
best 1046 restart 0 step 7429
best 1040 restart 0 step 7430
best 1036 restart 0 step 7431
best 1035 restart 0 step 7432
best 1033 restart 0 step 7434
best 1031 restart 0 step 7435
best 1006 restart 0 step 7437
best 1002 restart 0 step 7438
best 1000 restart 0 step 7440
best 984 restart 0 step 7441
best 980 restart 0 step 7442
best 974 restart 0 step 7443
best 971 restart 0 step 7444
best 965 restart 0 step 7445
best 964 restart 0 step 7446
best 963 restart 0 step 7447
best 948 restart 0 step 7448
best 945 restart 0 step 7453
best 922 restart 0 step 7454
best 920 restart 0 step 7455
best 917 restart 0 step 7456
best 915 restart 0 step 7458
best 912 restart 0 step 7459
best 909 restart 0 step 7460
best 902 restart 0 step 7462
best 895 restart 0 step 7464
best 892 restart 0 step 7466
best 874 restart 0 step 7467
best 871 restart 0 step 7468
best 868 restart 0 step 7469
best 863 restart 0 step 7470
best 795 restart 0 step 7492
best 790 restart 0 step 7494
best 789 restart 0 step 7495
best 787 restart 0 step 7497
best 783 restart 0 step 7502
best 781 restart 0 step 7503
best 778 restart 0 step 7504
best 774 restart 0 step 7505
best 770 restart 0 step 7506
best 764 restart 0 step 7508
best 763 restart 0 step 7509
best 759 restart 0 step 7510
best 757 restart 0 step 7511
best 745 restart 0 step 7512
best 742 restart 0 step 7513
best 739 restart 0 step 7515
best 735 restart 0 step 7518
best 734 restart 0 step 7519
best 716 restart 0 step 7522
best 711 restart 0 step 7524
best 710 restart 0 step 7525
best 705 restart 0 step 7528
best 702 restart 0 step 7529
best 687 restart 0 step 7530
best 681 restart 0 step 7534
best 679 restart 0 step 7536
best 677 restart 0 step 7537
best 674 restart 0 step 7538
best 673 restart 0 step 7539
best 672 restart 0 step 7540
best 664 restart 0 step 7541
best 660 restart 0 step 7542
best 654 restart 0 step 7543
best 642 restart 0 step 7544
best 636 restart 0 step 7545
best 635 restart 0 step 7546
best 633 restart 0 step 7547
best 631 restart 0 step 7548
best 628 restart 0 step 7549
best 627 restart 0 step 7550
best 626 restart 0 step 7551
best 625 restart 0 step 7552
best 624 restart 0 step 7553
best 619 restart 0 step 7555
best 616 restart 0 step 7556
best 615 restart 0 step 7557
best 612 restart 0 step 7559
best 607 restart 0 step 7560
best 606 restart 0 step 7561
best 595 restart 0 step 7562
best 594 restart 0 step 7564
best 592 restart 0 step 7565
best 590 restart 0 step 7566
best 589 restart 0 step 7567
best 571 restart 0 step 7568
best 569 restart 0 step 7569
best 561 restart 0 step 7570
best 560 restart 0 step 7571
best 557 restart 0 step 7572
best 554 restart 0 step 7573
best 552 restart 0 step 7574
best 548 restart 0 step 7578
best 547 restart 0 step 7580
best 545 restart 0 step 7582
best 544 restart 0 step 7583
best 538 restart 0 step 7584
best 534 restart 0 step 7585
best 518 restart 0 step 7586
best 507 restart 0 step 7587
best 502 restart 0 step 7588
best 501 restart 0 step 7589
best 500 restart 0 step 7591
best 498 restart 0 step 7592
best 489 restart 0 step 7593
best 487 restart 0 step 7594
best 485 restart 0 step 7595
best 480 restart 0 step 7596
best 479 restart 0 step 7599
best 478 restart 0 step 7600
best 477 restart 0 step 7601
best 475 restart 0 step 7602
best 474 restart 0 step 7603
best 470 restart 0 step 7604
best 467 restart 0 step 7607
best 464 restart 0 step 7608
best 462 restart 0 step 7610
best 461 restart 0 step 7611
best 459 restart 0 step 7612
best 458 restart 0 step 7617
best 456 restart 0 step 7618
best 452 restart 0 step 7619
best 438 restart 0 step 7620
best 434 restart 0 step 7621
best 431 restart 0 step 7622
best 428 restart 0 step 7623
best 426 restart 0 step 7624
best 425 restart 0 step 7626
best 421 restart 0 step 7627
best 419 restart 0 step 7629
best 417 restart 0 step 7630
best 415 restart 0 step 7631
best 392 restart 0 step 7633
best 390 restart 0 step 7634
best 389 restart 0 step 7636
best 388 restart 0 step 7637
best 387 restart 0 step 7638
best 383 restart 0 step 7640
best 380 restart 0 step 7641
best 379 restart 0 step 7642
best 378 restart 0 step 7645
best 377 restart 0 step 7646
best 374 restart 0 step 7647
best 372 restart 0 step 7649
best 371 restart 0 step 7650
best 368 restart 0 step 7651
best 367 restart 0 step 7652
best 364 restart 0 step 7654
best 359 restart 0 step 7655
best 353 restart 0 step 7658
best 352 restart 0 step 7659
best 351 restart 0 step 7660
best 350 restart 0 step 7661
best 348 restart 0 step 7662
best 347 restart 0 step 7663
best 345 restart 0 step 7664
best 344 restart 0 step 7665
best 343 restart 0 step 7666
best 341 restart 0 step 7667
best 339 restart 0 step 7668
best 338 restart 0 step 7669
best 334 restart 0 step 7670
best 332 restart 0 step 7672
best 329 restart 0 step 7673
best 327 restart 0 step 7674
best 326 restart 0 step 7675
best 323 restart 0 step 7676
best 322 restart 0 step 7677
best 320 restart 0 step 7678
best 319 restart 0 step 7679
best 315 restart 0 step 7680
best 313 restart 0 step 7681
best 308 restart 0 step 7682
best 307 restart 0 step 7684
best 306 restart 0 step 7686
best 305 restart 0 step 7688
best 304 restart 0 step 7691
best 302 restart 0 step 7692
best 301 restart 0 step 7693
best 299 restart 0 step 7694
best 296 restart 0 step 7695
best 295 restart 0 step 7698
best 294 restart 0 step 7700
best 293 restart 0 step 7701
best 291 restart 0 step 7702
best 282 restart 0 step 7703
best 280 restart 0 step 7705
best 279 restart 0 step 7706
best 277 restart 0 step 7707
best 276 restart 0 step 7709
best 273 restart 0 step 7710
best 271 restart 0 step 7711
best 270 restart 0 step 7713
best 267 restart 0 step 7714
best 264 restart 0 step 7716
best 262 restart 0 step 7717
best 260 restart 0 step 7718
best 259 restart 0 step 7719
best 258 restart 0 step 7720
best 257 restart 0 step 7721
best 256 restart 0 step 7722
best 255 restart 0 step 7724
best 248 restart 0 step 7725
best 247 restart 0 step 7726
best 246 restart 0 step 7727
best 245 restart 0 step 7732
best 239 restart 0 step 7733
best 238 restart 0 step 7735
best 236 restart 0 step 7736
best 233 restart 0 step 7738
best 232 restart 0 step 7739
best 227 restart 0 step 7740
best 226 restart 0 step 7742
best 224 restart 0 step 7743
best 223 restart 0 step 7744
best 222 restart 0 step 7745
best 221 restart 0 step 7746
best 219 restart 0 step 7748
best 217 restart 0 step 7749
best 215 restart 0 step 7750
best 213 restart 0 step 7751
best 212 restart 0 step 7752
best 210 restart 0 step 7753
best 209 restart 0 step 7754
best 208 restart 0 step 7757
best 205 restart 0 step 7758
best 204 restart 0 step 7760
best 202 restart 0 step 7761
best 175 restart 0 step 7798
best 172 restart 0 step 7814
best 171 restart 0 step 7818
best 170 restart 0 step 7822
best 169 restart 0 step 7823
best 167 restart 0 step 7824
best 166 restart 0 step 7826
best 164 restart 0 step 7828
best 162 restart 0 step 7829
best 155 restart 0 step 7830
best 154 restart 0 step 7831
best 152 restart 0 step 7833
best 150 restart 0 step 7834
best 149 restart 0 step 7836
best 148 restart 0 step 7838
best 147 restart 0 step 7839
best 142 restart 0 step 7842
best 141 restart 0 step 7843
best 137 restart 0 step 7845
best 136 restart 0 step 7847
best 135 restart 0 step 7850
best 134 restart 0 step 7851
best 133 restart 0 step 7853
best 131 restart 0 step 7854
best 130 restart 0 step 7855
best 129 restart 0 step 7856
best 128 restart 0 step 7857
best 127 restart 0 step 7858
best 125 restart 0 step 7859
best 120 restart 0 step 7860
best 119 restart 0 step 7863
best 117 restart 0 step 7866
best 116 restart 0 step 7867
best 115 restart 0 step 7872
best 114 restart 0 step 7874
best 113 restart 0 step 7875
best 110 restart 0 step 7876
best 108 restart 0 step 7877
best 107 restart 0 step 7879
best 104 restart 0 step 7880
best 103 restart 0 step 7881
best 102 restart 0 step 7882
best 99 restart 0 step 7884
best 97 restart 0 step 7887
best 96 restart 0 step 7888
best 86 restart 0 step 7894
best 85 restart 0 step 7896
best 83 restart 0 step 7897
best 82 restart 0 step 7900
best 81 restart 0 step 7920
best 80 restart 0 step 7921
best 79 restart 0 step 7922
best 78 restart 0 step 7923
best 76 restart 0 step 7925
best 75 restart 0 step 7927
best 74 restart 0 step 7929
best 73 restart 0 step 7930
best 72 restart 0 step 7936
best 71 restart 0 step 7937
best 70 restart 0 step 7938
best 65 restart 0 step 7939
best 64 restart 0 step 7941
best 63 restart 0 step 7942
best 62 restart 0 step 7944
best 60 restart 0 step 7952
best 57 restart 0 step 7966
best 55 restart 0 step 7973
best 54 restart 0 step 7979
best 53 restart 0 step 7982
best 52 restart 0 step 7983
best 51 restart 0 step 7987
best 50 restart 0 step 7990
best 49 restart 0 step 7992
best 48 restart 0 step 8005
best 47 restart 0 step 8007
best 46 restart 0 step 8014
best 45 restart 0 step 8026
best 44 restart 0 step 8030
best 42 restart 0 step 8032
best 40 restart 0 step 8054
best 39 restart 0 step 8060
best 38 restart 0 step 8078
best 37 restart 0 step 8089
best 36 restart 0 step 8124
best 35 restart 0 step 8196
best 34 restart 0 step 54219
